Prefab,Name,Mod,Station,Station Lvl,Skill Level,Recipe,DMG,Armor,Block,Weight,Durability,Tier,World Level,Rarity

kg_EnchantScroll_Armor_Blessed_A,Blessed Enchant Scroll: Armor (A),Valheim Enchantment System,Scroll Station,1,,"GoblinScraps_TW x5, LoxBone_TW x5, InfusedCrystal_JH x9, kg_EnchantScroll_Armor_A x1",,,Power,0.1,maxDurability,,,
kg_EnchantScroll_Armor_Blessed_B,Blessed Enchant Scroll: Armor (B),Valheim Enchantment System,Scroll Station,1,,"WolfPelt x5, WolfHairBundle x5, InfusedCrystal_JH x8, kg_EnchantScroll_Armor_B x1",,,Power,0.1,maxDurability,,,
kg_EnchantScroll_Armor_Blessed_C,Blessed Enchant Scroll: Armor (C),Valheim Enchantment System,Scroll Station,1,,"RottenPelt_TW x5, Chitin x5, InfusedCrystal_JH x7, kg_EnchantScroll_Armor_C x1",,,Power,0.1,maxDurability,,,
kg_EnchantScroll_Armor_Blessed_D,Blessed Enchant Scroll: Armor (D),Valheim Enchantment System,Scroll Station,1,,"RazorbackLeather_TW x5, GreydwarfEye x5, InfusedCrystal_JH x6, kg_EnchantScroll_Armor_D x1",,,Power,0.1,maxDurability,,,
kg_EnchantScroll_Armor_Blessed_F,Blessed Enchant Scroll: Armor (F),Valheim Enchantment System,Scroll Station,1,,"DeerHide x5, Flint x5, InfusedCrystal_JH x5, kg_EnchantScroll_Armor_F x1",,,Power,0.1,maxDurability,,,
kg_EnchantScroll_Armor_Blessed_S,Blessed Enchant Scroll: Armor (S),Valheim Enchantment System,Scroll Station,1,,"Eitr x5, JuteBlack_TW x5, InfusedCrystal_JH x10, kg_EnchantScroll_Armor_S x1",,,Power,0.1,maxDurability,,,
kg_EnchantScroll_Armor_C,Enchant Scroll: Armor (C),Valheim Enchantment System,Scroll Station,1,,"RottenPelt_TW x2, Guck x5, InfusedCrystal_JH x1",,,Power,0.1,maxDurability,,,
kg_EnchantScroll_Armor_D,Enchant Scroll: Armor (D),Valheim Enchantment System,Scroll Station,1,,"RazorbackLeather_TW x2, BoneFragments x5, InfusedCrystal_JH x1",,,Power,0.1,maxDurability,,,
kg_EnchantScroll_Armor_F,Enchant Scroll: Armor (F),Valheim Enchantment System,Scroll Station,1,,"DeerHide x2, Resin x5, InfusedCrystal_JH x1",,,Power,0.1,maxDurability,,,
kg_EnchantScroll_Armor_S,Enchant Scroll: Armor (S),Valheim Enchantment System,Scroll Station,1,,"Eitr x2, Softtissue x5, InfusedCrystal_JH x1",,,Power,0.1,maxDurability,,,
kg_EnchantScroll_Weapon_A,Enchant Scroll: Weapon (A),Valheim Enchantment System,Scroll Station,1,,"GoblinScraps_TW x2, Needle x5, InfusedCrystal_JH x1",,,Power,0.1,maxDurability,,,
kg_EnchantScroll_Weapon_B,Enchant Scroll: Weapon (B),Valheim Enchantment System,Scroll Station,1,,"WolfPelt x2, WolfFang x5, InfusedCrystal_JH x1",,,Power,0.1,maxDurability,,,
kg_EnchantScroll_Weapon_Blessed_A,Blessed Enchant Scroll: Weapon (A),Valheim Enchantment System,Scroll Station,1,,"GoblinScraps_TW x5, LoxBone_TW x5, InfusedCrystal_JH x9, kg_EnchantScroll_Weapon_A x1",,,Power,0.1,maxDurability,,,
kg_EnchantScroll_Weapon_Blessed_B,Blessed Enchant Scroll: Weapon (B),Valheim Enchantment System,Scroll Station,1,,"WolfPelt x5, WolfHairBundle x5, InfusedCrystal_JH x8, kg_EnchantScroll_Weapon_B x1",,,Power,0.1,maxDurability,,,
kg_EnchantScroll_Weapon_Blessed_C,Blessed Enchant Scroll: Weapon (C),Valheim Enchantment System,Scroll Station,1,,"RottenPelt_TW x5, Chitin x5, InfusedCrystal_JH x7, kg_EnchantScroll_Weapon_C x1",,,Power,0.1,maxDurability,,,
kg_EnchantScroll_Weapon_Blessed_D,Blessed Enchant Scroll: Weapon (D),Valheim Enchantment System,Scroll Station,1,,"RazorbackLeather_TW x5, GreydwarfEye x5, InfusedCrystal_JH x6, kg_EnchantScroll_Weapon_D x1",,,Power,0.1,maxDurability,,,
kg_EnchantScroll_Weapon_Blessed_F,Blessed Enchant Scroll: Weapon (F),Valheim Enchantment System,Scroll Station,1,,"DeerHide x5, Flint x5, InfusedCrystal_JH x5, kg_EnchantScroll_Weapon_F x1",,,Power,0.1,maxDurability,,,
kg_EnchantScroll_Weapon_Blessed_S,Blessed Enchant Scroll: Weapon (S),Valheim Enchantment System,Scroll Station,1,,"Eitr x5, JuteBlack_TW x5, InfusedCrystal_JH x10, kg_EnchantScroll_Weapon_S x1",,,Power,0.1,maxDurability,,,
kg_EnchantScroll_Weapon_C,Enchant Scroll: Weapon (C),Valheim Enchantment System,Scroll Station,1,,"RottenPelt_TW x2, Guck x5, InfusedCrystal_JH x1",,,Power,0.1,maxDurability,,,
kg_EnchantScroll_Weapon_D,Enchant Scroll: Weapon (D),Valheim Enchantment System,Scroll Station,1,,"RazorbackLeather_TW x2, BoneFragments x5, InfusedCrystal_JH x1",,,Power,0.1,maxDurability,,,
kg_EnchantScroll_Weapon_F,Enchant Scroll: Weapon (F),Valheim Enchantment System,Scroll Station,1,,"DeerHide x2, Resin x5, InfusedCrystal_JH x1",,,Power,0.1,maxDurability,,,
kg_EnchantScroll_Weapon_S,Enchant Scroll: Weapon (S),Valheim Enchantment System,Scroll Station,1,,"Eitr x2, Softtissue x5, InfusedCrystal_JH x1",,,Power,0.1,maxDurability,,,
KnifeBronze_TW,Bronze Knife,Warfare,,2,,"RazorbackTusk_TW x5, Bronze x10, TrophyGreydwarfShaman x1",32,,Power,0.3,maxDurability,,,
KnifeButcher,Butcher Knife,Valheim,,1,,"Wood x2, Tin x4",0,,Power,0.3,maxDurability,1,,
KnifeChitin,Abyssal Razor,Valheim,,2,,"ElderBark x8, Chitin x20, LeatherScraps x4",36,,Power,0.3,maxDurability,,,
KnifeCopper,Copper Knife,Valheim,,1,,"Wood x2, Copper x8, GreydwarfEye x0",24,,Power,0.3,maxDurability,1,,
KnifeFlint,Flint Knife,Valheim,,1,,"Wood x2, Flint x4, LeatherScraps x2",10,,Power,0.3,maxDurability,,,
KnifeIron_TW,Iron Knife,Warfare,,2,,"ElderBark x12, Iron x20, TrophyLeech x1",44,,Power,0.3,maxDurability,,,
KnifeNjord_TW,Njord Knife,WarfareFireAndIce,,1,,"TyraniumBar_TW x20, RuneRage_TW x14, JotunnEye_TW x8, TrophyJotunnShaman_TW x1",135,,Power,0.3,maxDurability,,,
KnifeSilver,Silver Knife,Valheim,,3,,"Wood x2, Silver x10, LeatherScraps x3, Iron x2",62,,Power,0.3,maxDurability,3,,
KnifeSkollAndHati,Skoll and Hati,Valheim,,1,,"FineWood x4, Iron x10, BlackMetal x10",90,,Power,0.3,maxDurability,4,,
KnifeSurtr_TW,Surtr Knife,WarfareFireAndIce,,1,,"RagnoriteBar_TW x20, RuneDestruction_TW x14, DemonicSoulstone_TW x8, TrophySurtrSeer_TW x1",135,,Power,0.3,maxDurability,,,
KnifeViper_TW,Viper,Warfare,,2,,"Bronze x0, Bronze x0, Bronze x0, Iron x0, Iron x0, Iron x0, Iron x0, Silver x0, Silver x0, Silver x0, Silver x0, HardAntler x0, HardAntler x0, HardAntler x0, Root x0, Root x0, Root x0, Root x0, WolfClaw x0, WolfClaw x0, WolfClaw x0, WolfClaw x0, SurtlingCore x0, SurtlingCore x0, SurtlingCore x0, WitheredBone x0, WitheredBone x0, WitheredBone x0, WitheredBone x0, WolfHairBundle x0, WolfHairBundle x0, WolfHairBundle x0, WolfHairBundle x0, TrophyAsmodeus_TW x0, TrophyAsmodeus_TW x0, TrophyAsmodeus_TW x0, TrophyAbomination x0, TrophyAbomination x0, TrophyAbomination x0, TrophyAbomination x0, TrophyFenring x0, TrophyFenring x0, TrophyFenring x0, TrophyFenring x0",31,,Power,0.3,maxDurability,,,
KnifeWrench_TW,Knifewrench,Warfare,,3,,"Iron x18, IronNails x60, TrophyDraugr x1",34,,Power,0.3,maxDurability,,,
knightchest,Knight's Armor,SouthsilArmor,,3,,"Chain x5, Iron x25, LeatherScraps x30",,,Power,10,maxDurability,,,
knighthelm,Knight's Helm,SouthsilArmor,,3,,"Iron x25, TrophySerpent x1",,,Power,1,maxDurability,,,
knightlegs,Knight's Leggings,SouthsilArmor,,3,,"Chain x5, Iron x25, Guck x10, TrophyWraith x1",,,Power,10,maxDurability,,,
lagichest,Flame Drake Chestpiece,SouthsilArmor,,1,,"BlackMetal x30, FlametalNew x30, DragonEgg x5",,,Power,10,maxDurability,,,
lagihelmalt,Flame Drake Helm,SouthsilArmor,,1,,"TrophyDragonQueen x1, FlametalNew x30, BlackMetal x30",,,Power,1,maxDurability,,,
lagipants,Flame Drake Leg Armor,SouthsilArmor,,1,,"BlackMetal x30, FlametalNew x30, DragonEgg x5",,,Power,10,maxDurability,,,
LanceBlackmetal_TW,Blackmetal Lance,Warfare,,4,,"FineWood x40, BlackMetal x25, ProwlerFang_TW x10, TrophyLox x1",111,,Power,2.5,maxDurability,,,
LanceDvergr_TW,Dwarven Lance,Warfare,,1,,"YggdrasilWood x40, Eitr x15, DarkCrystal_TW x8, TrophyGjall x1",147,,Power,2.5,maxDurability,,,
LanceNjord_TW,Njord Lance,WarfareFireAndIce,,1,,"TyraniumBar_TW x25, RuneRage_TW x18, BorealPineWood_TW x30, TrophyArcticMammoth_TW x1",200,,Power,2.5,maxDurability,,,
LanceSurtr_TW,Surtr Lance,WarfareFireAndIce,,1,,"RagnoriteBar_TW x25, RuneDestruction_TW x18, BorealPineWood_TW x30, TrophySurtrLegionnaire_TW x1",200,,Power,2.5,maxDurability,,,
Lantern,Dvergr Lantern,Valheim,,1,,"Bronze x2, SurtlingCore x1, Crystal x1",,,Power,2,maxDurability,,,
LeatherBelt,Leather Belt,Epic Loot,,1,,"LeatherScraps x10, DeerHide x5",,,Power,0.5,maxDurability,,,0
LeatherFistsHTD,Leather Fist Wraps,Hugos Armory,,1,,LeatherScraps x4,17,,Power,2,maxDurability,1,,
Lesser_Group_Healing,Brew of Faint Group Healing,PotionsPlus,,1,,"Honey x1, Mushroom x2",,,Power,1,maxDurability,,,
Lesser_Healing_Tide_Vial,Lesser Healing Tide Vial,PotionsPlus,,1,,"Honey x2, Raspberry x4",,,Power,1,maxDurability,,,
Lesser_Spiritual_Healing_Vial,Lesser Spiritual Healing Vial,PotionsPlus,,1,,"Dandelion x2, Raspberry x4",,,Power,1,maxDurability,,,
Lesser_Stamina_Vial,Lesser Stamina Vial,PotionsPlus,,1,,"Honey x2, Mushroom x4",,,Power,1,maxDurability,,,
LightningBlade_TW,Lightning Blade,WarfareFireAndIce,,1,,"ThoradusBar_TW x30, RuneWrath_TW x16, FenrirArtifact_TW x12, TrophyStormFenring_TW x1",205,,Power,4,maxDurability,,,
loxhuntchest,Loxgol Armor,SouthsilArmor,,4,,"Coins x950, BlackMetal x20, JuteRed x20, TrophyGoblinShaman x1",,,Power,10,maxDurability,,,
loxhunthelm,Golden Lox Mask,SouthsilArmor,,4,,"Coins x950, BlackMetal x20, TrophyLox x2",,,Power,1,maxDurability,,,
loxhuntlegs,Loxgol Leggings,SouthsilArmor,,4,,"Coins x950, BlackMetal x20, JuteRed x20, TrophyGoblinShaman x1",,,Power,10,maxDurability,,,
LoxJerky_JH,Lox Jerky,WackysDatabase,,4,,"LoxMeat x2, Honey x2, Cloudberry x1",,,Power,0.5,maxDurability,,,
LoxPie,Lox Meat Pie,Valheim,,1,,"Cloudberry x2, LoxMeat x2, BarleyFlour x4",,,Power,1,maxDurability,,,
MaceBronze,Bronze Mace,Valheim,,1,,"Wood x4, Bronze x8, LeatherScraps x3",35,,Power,2,maxDurability,1,,
MaceChitin_TW,Abyssal Hammer,Warfare,,1,,"ElderBark x10, Chitin x20, Bronze x8",45,,Power,2,maxDurability,,,
MaceDvergr_TW,Dwarven Mallet,Warfare,,1,,"YggdrasilWood x25, Carapace x15, Eitr x12, TrophyDvergr x2",117,,Power,2,maxDurability,,,
MaceEldner,Flametal Mace,Valheim,,3,,"CharredBone x10, FlametalNew x15, SulfurStone x5, AskHide x3",135,,Power,2,maxDurability,6,,
MaceFlint_TW,Flint Mace,Warfare,,1,,"Wood x6, Flint x8, FoxPelt_TW x0",20,,Power,2,maxDurability,,,
MaceIron,Iron Mace,Valheim,,2,,"Wood x4, Iron x20, LeatherScraps x3",55,,Power,2,maxDurability,2,,
MaceNeedle,Porcupine,Valheim,,4,,"FineWood x5, Iron x20, Needle x5, LinenThread x10",95,,Power,2,maxDurability,4,,
MaceNjord_TW,Njord Mace,WarfareFireAndIce,,1,,"TyraniumBar_TW x20, RuneRage_TW x14, BorealWood_TW x12, TrophyArcticSerpent_TW x1",160,,Power,2,maxDurability,,,
MaceSilver,Frostner,Valheim,,3,,"ElderBark x10, Silver x30, YmirRemains x5, FreezeGland x5",95,,Power,2,maxDurability,3,,
MaceSurtr_TW,Surtr Hammer,WarfareFireAndIce,,1,,"RagnoriteBar_TW x20, RuneDestruction_TW x14, BorealWood_TW x12, TrophyDaggerFang_TW x1",160,,Power,2,maxDurability,,,
MagicallyStuffedShroom,Stuffed Mushroom,Valheim,,1,,"MushroomMagecap x3, GiantBloodSack x1, Turnip x2",,,Power,1,maxDurability,,,
MagusBackpack,Magus Backpack,Valheim,,1,,"FabricBundle_Mountain_TW x2, Silver x2",,,Power,4,maxDurability,,,
MarinatedGreens,Marinated Greens,Valheim,,6,,"Sap x3, MushroomMagecap x2, Fiddleheadfern x2, MushroomSmokePuff x2",,,Power,1,maxDurability,,,
MashedMeat,Mashed Meat,Valheim,,6,,"AsksvinMeat x1, VoltureMeat x1, Fiddleheadfern x1",,,Power,1,maxDurability,,,
MeadBaseBugRepellent,Mead Base: Anti-Sting,Valheim,,1,,"Cloudberry x10, Fish7 x3, FragrantBundle x1",,,Power,1,maxDurability,,,
MeadBaseBzerker,Mead base: Berserkir,Valheim,,1,,"Mushroom x10, MushroomYellow x10, MushroomBzerker x1",,,Power,1,maxDurability,,,
MeadBaseEitrBlackForest_TW,Mead base: Small eitr mead,Wizardry,,1,,"MeadTasty x3, MushroomWitcheye_TW x5, Honey x10",,,Power,1,maxDurability,,,
MeadBaseEitrLingering,Mead Base: Lingering Eitr,Valheim,,1,,"Sap x10, Vineberry x10, MushroomMagecap x10",,,Power,1,maxDurability,,,
MeadBaseEitrMinor,Mead Base: Minor Eitr,Valheim,,1,,"Honey x10, Sap x5, MushroomJotunPuffs x2, MushroomMagecap x5",,,Power,1,maxDurability,,,
MeadBaseEitrMountain_TW,Mead base: Medium eitr mead,Wizardry,,1,,"MeadTasty x3, MushroomWizardbutter_TW x5, Honey x10",,,Power,1,maxDurability,,,
MeadBaseFrostResist,Mead Base: Frost Resistance,Valheim,,1,,"Honey x10, Thistle x5, Bloodbag x2, GreydwarfEye x1",,,Power,1,maxDurability,,,
MeadBaseHasty,Mead base: Ratatosk,Valheim,,1,,"Honey x10, Blueberries x10, CuredSquirrelHamstring x1",,,Power,1,maxDurability,,,
MeadBaseHealthLingering,Mead Base: Lingering Health,Valheim,,1,,"Sap x10, Vineberry x10, MushroomSmokePuff x10",,,Power,1,maxDurability,,,
MeadBaseHealthMajor,Mead Base: Major Healing,Valheim,,1,,"Honey x10, GiantBloodSack x4, RoyalJelly x5",,,Power,1,maxDurability,,,
MeadBaseHealthMedium,Mead Base: Medium Healing,Valheim,,1,,"Honey x10, Bloodbag x4, Raspberry x10, Dandelion x1",,,Power,1,maxDurability,,,
MeadBaseHealthMinor,Mead Base: Minor Healing,Valheim,,1,,"Honey x10, Blueberries x5, Raspberry x10, Dandelion x1",,,Power,1,maxDurability,,,
MeadBaseLightFoot,Mead Base: Lightfoot,Valheim,,1,,"ScaleHide x2, Feathers x5, MushroomMagecap x5",,,Power,1,maxDurability,,,
MeadBaseLightningResist_TW,Mead base: Lightning resistance,Warfare,,1,,"Honey x12, Barley x5, Flax x7",,,Power,1,maxDurability,,,
MeadBaseLingeringStaminaMedium_TW,Mead base: Medium lingering stamina,Warfare,,1,,"MeadTasty x3, Cloudberry x5, Honey x10",,,Power,1,maxDurability,,,
MeadBaseLingeringStaminaMinor_TW,Mead base: Minor lingering stamina,Warfare,,1,,"MeadTasty x3, MushroomYellow x5, Honey x10",,,Power,1,maxDurability,,,
MeadBaseNoise_JH,Mead Base Noise Reduction,WackysDatabase,,1,,"MeadTasty x3, TrollHide x5, Honey x10",,,Power,1,maxDurability,,,
MeadBasePoisonResist,Mead Base: Poison Resistance,Valheim,,1,,"Honey x10, Thistle x5, NeckTail x5, Coal x10",,,Power,1,maxDurability,,,
MeadBaseStaminaLingering,Mead Base: Lingering Stamina,Valheim,,1,,"Sap x10, Cloudberry x10, MushroomJotunPuffs x10",,,Power,1,maxDurability,,,
MeadBaseStaminaMedium,Mead Base: Medium Stamina,Valheim,,1,,"Honey x10, Cloudberry x10, MushroomYellow x10",,,Power,1,maxDurability,,,
MeadBaseStaminaMinor,Mead Base: Minor Stamina,Valheim,,1,,"Honey x10, Raspberry x10, MushroomYellow x10",,,Power,1,maxDurability,,,
MeadBaseStrength,Mead Base: Troll Endurance,Valheim,,1,,"Fish5 x2, Honey x10, PowderedDragonEgg x1",,,Power,1,maxDurability,,,
MeadBaseSwimmer,Mead Base: Vananidir,Valheim,,1,,"Dandelion x10, Fish1 x2, FreshSeaweed x1",,,Power,1,maxDurability,,,
MeadBaseTamer,Mead Base: Animal Whispers,Valheim,,1,,"Onion x5, Carrot x10, PungentPebbles x1",,,Power,1,maxDurability,,,
MeadBaseTasty,Mead Base: Tasty,Valheim,,1,,"Honey x10, Dandelion x5, Raspberry x5, Blueberries x5",,,Power,1,maxDurability,,,
MeatPieUncooked_TW,Uncooked Meat Pie,MonstrumDeepNorth,,1,,"MammothMeat_TW x1, ArcticBearSteak_TW x1, PrimalLeak_TW x2, Helweed_TW x3",,,Power,1,maxDurability,,,
MeatPlatter,Meat Platter,Valheim,,1,,"BugMeat x1, LoxMeat x1, HareMeat x1",,,Power,1,maxDurability,,,
MechanicalSpring,Mechanical Spring,Valheim,,1,,"Eitr x1, Iron x3",,,Power,5,maxDurability,,,
Medium_Group_Healing,Brew of Group Healing,PotionsPlus,,1,,"Honey x2, Mushroom x4",,,Power,1,maxDurability,,,
Medium_Healing_Tide_Flask,Medium Healing Tide Flask,PotionsPlus,,1,,"Resin x6, Blueberries x4, Bloodbag x2",,,Power,1,maxDurability,,,
Medium_Spiritual_Healing_Flask,Medium Spiritual Healing Flask,PotionsPlus,,1,,"Ooze x2, BoneFragments x4, Bloodbag x2",,,Power,1,maxDurability,,,
Medium_Stamina_Flask,Medium Stamina Flask,PotionsPlus,,1,,"Resin x4, Blueberries x4, Bloodbag x2",,,Power,1,maxDurability,,,
MeldursonCape,Mantle of the Beast King,the deadliest of predators his allies,,2,,"RawMeat x200, Mushroom x200, Carrot x200, DragonEgg x1, TrophyDragonQueen x1, TrophyHatchling x1, TrophySGolem x1, HasTamed_Item x10",,,Power,4,maxDurability,4,,
MinceMeatSauce,Minced Meat Sauce,Valheim,,1,,"RawMeat x1, NeckTail x1, Carrot x1",,,Power,1,maxDurability,,,
MiningBackpack,Mining Backpack,Valheim,,1,,"Bronze x5, DeerHide x10, LeatherScraps x10, Iron x0, ElderBark x0, Guck x0, Silver x0, WolfPelt x0, JuteRed x0, BlackMetal x0, LinenThread x0, LoxPelt x0, Iron x0, Carapace x0, Mandible x0",,,Power,4,maxDurability,,,
MisthareSupreme,Misthare Supreme,Valheim,,1,,"HareMeat x1, MushroomJotunPuffs x3, Carrot x2",,,Power,1,maxDurability,,,
MixedGrill_TW,Mixed Grill,Monstrum,,2,,"BearSteak_TW x1, Sausages x1, WolfMeat x1, FoxMeat_TW x1",,,Power,1,maxDurability,,,
mmo_mead_greater,XP Mead Greater,EpicMMOSystem,,1,,"Mob_chunks x1, mmo_orb5 x2",,,Power,1,maxDurability,,,
mmo_mead_med,XP Mead Medium,EpicMMOSystem,,1,,"Mob_chunks x1, mmo_orb3 x2",,,Power,1,maxDurability,,,
mmo_mead_minor,XP Mead Minor,EpicMMOSystem,,1,,"Mob_chunks x1, mmo_orb1 x2",,,Power,1,maxDurability,,,
Mob_chunks,Mob Chunks,EpicMMOSystem,,1,,"TrophyBoar x2, TrophyNeck x2, TrophyDeer x2, TrophyFox_TW x2, TrophySheep_TW x2, TrophyFrostTroll x1, TrophyRazorback_TW x2, TrophyBlackBear_TW x2, TrophyGreydwarfBrute x2, TrophyGreydwarfShaman x2, TrophyCrawler_TW x2, TrophyRottingElk_TW x2, TrophyBlob x2, TrophySurtling x2, TrophyGreydwarf x2, TrophyDraugr x2, TrophyLeech x2, TrophyWraith x1, TrophyDraugrElite x1, TrophyAbomination x1, TrophySkeleton x2, TrophySkeletonPoison x1, TrophySerpent x1, TrophyWolf x2, TrophyUlv x2, TrophyCultist x1, TrophyFenring x1, TrophyObsidianGolem_TW x1, TrophySGolem x1, TrophyGrizzlyBear_TW x2, TrophyProwler_TW x1, TrophyShark_TW x2, TrophyLox x1, TrophyDeathsquito x2, TrophyGoblin x2, TrophyGrowth x2, TrophyGoblinBrute x1, TrophyGoblinShaman x1, TrophyHare x2, TrophySeeker x2, TrophyTick x2, TrophyDvergr x2, TrophySeekerBrute x1, TrophyGjall x1, TrophyAsksvin x1, TrophyBonemawSerpent x1, TrophyCharredArcher x2, TrophyCharredMage x2, TrophyCharredMelee x2, TrophyFallenValkyrie x1, TrophyMorgen x1, TrophyVolture x2, TrophySkeletonHildir x1, TrophyCultist_Hildir x1, TrophyGoblinBruteBrosBrute x1, TrophyGoblinBruteBrosShaman x1, TrophyJotunnBrute_TW x1, TrophyJotunnJuggernaut_TW x1, TrophyJotunnShaman_TW x2, TrophyJotunnBladefist_TW x2, TrophyArcticBear_TW x2, TrophyArcticMammoth_TW x1, TrophyStormFenring_TW x1, TrophyStormCultist_TW x1, TrophyArcticWolf_TW x2, TrophyArcticGolem_TW x1, TrophyArcticSerpent_TW x1, TrophyGorr_TW x1, TrophySythrak_TW x1, TrophySurtrBrute_TW x1, TrophySurtrLegionnaire_TW x1, TrophySurtrHound_TW x2, TrophySurtrImp_TW x2, TrophySurtrDrake_TW x2, TrophySurtrSeer_TW x2, TrophySurtrWarbringer_TW x1, TrophyDaggerFang_TW x1, TrophyBrutalis_TW x1",,,Power,1,maxDurability,,,
MushroomOmelette,Mushroom Omelette,Valheim,,5,,"ChickenEgg x3, MushroomJotunPuffs x3",,,Power,1,maxDurability,,,
MushroomSoup_JH,Mushroom Soup,WackysDatabase,,1,,"Mushroom x5, MushroomYellow x5",,,Power,1,maxDurability,,,
mythrillchest,Majesty of the Wild,Silver and Gold with an almost ethereal glow eminates from you as the furs of the mountain kin warm your core. Robes dipped in the blood of the ellusive amethyst trolls conceal your scent downwind.,,2,,"Arcanium x2, HasTamed_Item x10",,,Power,10,maxDurability,2,,
mythrillhead,Sight of the Wild,stronger and lighter than steel,,2,,"Arcanium x2, HasTamed_Item x10",,,Power,4,maxDurability,,,
mythrilllegs,Stride of the Wild,the perfect combination for tracking your prey unheard and unseen. A runed satchel filled with medicinal herbs and potions adorns your thigh.,,2,,"Arcanium x2, HasTamed_Item x10",,,Power,0.4,maxDurability,4,,
neckchest,Neck-King Armor,SouthsilArmor,,2,,"DeerHide x10, Dandelion x8, BoneFragments x8, TrophyNeck x1",,,Power,10,maxDurability,,,
neckhelm,Neck-King Crown,SouthsilArmor,,2,,"DeerHide x10, AmberPearl x3, Ruby x1, TrophyBoar x2",10,,Power,3,maxDurability,,,
NeckJerky_JH,Neck Jerky,WackysDatabase,,1,,"NeckTail x1, Honey x1",,,Power,1,maxDurability,,,
NecklaceTyr_TW,Valor,WarfareFireAndIce,,1,,"FenrirArtifact_TW x16, YmirIdol_TW x10, JotunnEye_TW x14, TrophyBrutalis_TW x1",,,Power,0,maxDurability,,,
necklegs,Skirt of Neck tails,SouthsilArmor,,2,,"DeerHide x10, NeckTail x20, BoneFragments x8, LeatherScraps x10",,,Power,10,maxDurability,,,
NecroTechBow,Arc Wing,this Arc weapon can project a precise bolt of energy to eliminate priority targets.,,2,,"Arcanium x1, HasRefiner_Item x1, FlametalNew x1",180,,Power,1.5,maxDurability,5,,
NeedleBlade,Needle Blade,SagesVault,,3,,"Needle x5, BlackMetal x10, SilverNecklace x1",40,,Power,0.3,maxDurability,,,
ninebytecloak,Elven Cloak,woven by Galadriel,,2,,"AncientSeed x9, LinenThread x9, CapeLinen x1, Eitr x9",,,Power,0.9,maxDurability,2,,
ninebytePack,Shire Weaved Pack,Many o' things to fit!,,2,,"TrollHide x1, Feathers x10, DeerHide x10, AncientSeed x9",,,Power,9,maxDurability,2,,
norahchest,Shieldmaiden's Surcoat,SouthsilArmor,,3,,"Iron x10, LinenThread x25, Chain x3",,,Power,10,maxDurability,,,
norahhelm,Shieldmaiden's Headdress,SouthsilArmor,,3,,"Iron x10, LinenThread x25, Coins x300",10,,Power,3,maxDurability,,,
norahhelmalt,Shieldmaiden's Hood,SouthsilArmor,,3,,"WolfHairBundle x10, LinenThread x25, TrophyGreydwarfShaman x5, Iron x0",10,,Power,3,maxDurability,,,
norahlegs,Shieldmaiden's Skirt,SouthsilArmor,,3,,"Iron x10, LinenThread x25, JuteRed x5, LeatherScraps x0",,,Power,10,maxDurability,,,
NoviceBackpack,Novice Backpack,Valheim,,1,,"FabricBundle_Blackforest_TW x2, Bronze x2",,,Power,4,maxDurability,,,
ntrifle,Arc Rifle,these ancient weapons discharge with a loud crack,,2,,"Arcanium x1, HasRefiner_Item x1, FlametalNew x1",80,,Power,0.3,maxDurability,5,,
NTServoDemister,Omni-Servo-Skull,given a rudimentary Machine Spirit,,2,,"Arcanium x1, HasRefiner_Item x1, FlametalNew x1",,,Power,0.1,maxDurability,,,
NTSTAFF,Staff of the Artificer,these holy relics are not only a symbol of rank within the Mechanicus,,2,,"Arcanium x1, HasRefiner_Item x1, FlametalNew x1",200,,Power,0.3,maxDurability,5,,
ObsidianGreatSwordHTD,Moder's Sorrow,Hugos Armory,,1,,"DragonTear x1, Obsidian x20, FreezeGland x30, Crystal x20",168,,Power,8,maxDurability,4,,
obswolfchest,Heavy Fenrir Armor,SouthsilArmor,,1,,"BlackMetal x30, Obsidian x30, WolfHairBundle x20, SilverNecklace x1",,,Power,10,maxDurability,,,
obswolfhelm,Heavy Fenrir Helm,SouthsilArmor,,1,,"BlackMetal x30, Obsidian x30, TrophyUlv x5, Ruby x1, WolfHairBundle x0",10,,Power,3,maxDurability,,,
obswolflegs,Heavy Fenrir Boots,SouthsilArmor,,1,,"BlackMetal x30, Obsidian x30, WolfHairBundle x20, JuteBlue x10",,,Power,10,maxDurability,,,
Odins_Alchemy_Wand,Odins Alchemy Wand,PotionsPlus,,2,,"FineWood x8, Copper x3, SurtlingCore x1",5,,Power,2,maxDurability,,,
Odins_Dragon_Staff,Odins Dragon Staff,PotionsPlus,,3,,"Odins_Alchemy_Wand x1, ElderBark x40, BlackMetal x40, SurtlingCore x1",19,,Power,1,maxDurability,,,
Odins_Warlock_Hat,Odins Warlock Hat,PotionsPlus,,5,,"LinenThread x20, SurtlingCore x5",20,,Power,1,maxDurability,,,
Odins_Weapon_Oil,Odins Weapon Oil,PotionsPlus,,1,,"Tar x8, Crystal x1",,,Power,1,maxDurability,,,
Odins_Wizard_Hat,Odins Wizard Hat,PotionsPlus,,5,,"LinenThread x20, SurtlingCore x5",20,,Power,1,maxDurability,,,
PhilosopherStoneBlue,Sapphire Philosopher's Stone,PotionsPlus,,1,,Flask_of_Elements x5,,,Power,10,maxDurability,,,
PhilosopherStoneGreen,Emerald Philosopher's Stone,PotionsPlus,,1,,Flask_of_Fortification x5,,,Power,10,maxDurability,,,
PhilosopherStonePurple,Amethyst Philosopher's Stone,PotionsPlus,,1,,Flask_of_Second_Wind x5,,,Power,10,maxDurability,,,
PhilosopherStoneRed,Ruby Philosopher's Stone,PotionsPlus,,1,,Flask_of_the_Gods x5,,,Power,10,maxDurability,,,
PickaxeAntler,Antler Pickaxe,Valheim,,1,,"Wood x10, HardAntler x1",18,,Power,2,maxDurability,,,
PickaxeBlackMetal,Black Metal Pickaxe,Valheim,,4,,"YggdrasilWood x3, BlackMetal x25",49,,Power,2,maxDurability,4,,
PickaxeBronze,Bronze Pickaxe,Valheim,,1,,"RoundLog x3, Bronze x10",25,,Power,2,maxDurability,1,,
PickaxeFader_TW,Flametal Enchanted Pickaxe,Warfare,,3,,"FlametalNew x15, FaderDrop x2",65,,Power,2,maxDurability,6,,
PickaxeIron,Iron Pickaxe,Valheim,,2,,"RoundLog x3, Iron x20",33,,Power,2,maxDurability,2,,
PickaxeLokvyr_TW,Lokvyr Pickaxe,WarfareFireAndIce,,1,,"LokvyrBar_TW x8, BorealWood_TW x12, BlackIce_TW x8",80,,Power,2,maxDurability,7,,
PickaxeSilver_TW,Silver Pickaxe,Warfare,,3,,"Silver x10, ElderBark x10",41,,Power,2,maxDurability,2,,
PickaxeStone,Stone Pickaxe,Valheim,,1,,"Wood x3, Stone x10",15,,Power,2,maxDurability,,,
PickaxeStone_JH,Stone Pickaxe,WackysDatabase,,1,,"Wood x10, Stone x5",10,,Power,2,maxDurability,,,
PiquantPie,Piquant Pie,Valheim,,1,,"Vineberry x2, AsksvinMeat x2, BarleyFlour x4",,,Power,1,maxDurability,,,
PlanCrystal,Skuld Crystal,PlanBuild,,1,,GreydwarfEye x1,,,Power,0.1,maxDurability,,,
PlanHammer,Plan Hammer,PlanBuild,,1,,Wood x1,,,Power,0,maxDurability,,,
Potion_Meadbase,Potion Base,PotionsPlus,,2,,"Honey x2, YmirRemains x4",,,Power,1,maxDurability,,,
PotionAquatic_TW,Aquatic potion,Wizardry,,1,,"ShardModer_TW x2, MushroomWizardbutter_TW x3, FishRaw x6, Chitin x2",,,Power,1,maxDurability,,,
PotionLumberjack_TW,Lumberjack potion,Wizardry,,1,,"ShardElder_TW x2, MushroomWitcheye_TW x4, AncientSeed x1, Thistle x2",,,Power,1,maxDurability,,,
PotionMiner_TW,Miner potion,Wizardry,,1,,"ShardBonemass_TW x2, MushroomDeathcap_TW x4, BoneFragments x6, Blueberries x6",,,Power,1,maxDurability,,,
PotionOx_TW,Oxen potion,Wizardry,,1,,"ShardElder_TW x2, MushroomWitcheye_TW x3, Bloodbag x6, Carrot x4",,,Power,1,maxDurability,,,
PotionRejuvenationMedium_TW,Medium rejuvenation potion,Wizardry,,1,,"ShardYagluth_TW x2, MeadHealthMedium x2, MeadStaminaMedium x2, MeadEitrMountain_TW x2",,,Power,1,maxDurability,,,
PotionRejuvenationMinor_TW,Minor rejuvenation potion,Wizardry,,1,,"ShardBonemass_TW x2, MeadHealthMinor x2, MeadStaminaMinor x2, MeadEitrBlackForest_TW x2",,,Power,1,maxDurability,,,
PotionSkills_TW,Skillful potion,Wizardry,,1,,"ShardModer_TW x3, MushroomWizardbutter_TW x3, MushroomDevilstongue_TW x3, Cloudberry x4",,,Power,1,maxDurability,,,
PotionSneak_TW,Sneak potion,Wizardry,,1,,"ShardBonemass_TW x2, MushroomWitcheye_TW x3, MushroomDeathcap_TW x3, Carrot x3",,,Power,1,maxDurability,,,
PotionSpeed_TW,Speed potion,Wizardry,,1,,"ShardYagluth_TW x2, MushroomDevilstongue_TW x4, Cloudberry x4, Guck x8",,,Power,1,maxDurability,,,
PotionStoneskin_TW,Stoneskin potion,Wizardry,,1,,"ShardYagluth_TW x4, MushroomDevilstongue_TW x6, Stone x14, Obsidian x8",,,Power,1,maxDurability,,,
QueensJam,Queen's Jam,Valheim,,1,,"Raspberry x6, Blueberries x6",,,Power,1,maxDurability,,,
RagnoriteBar_TW,Ragnorite,WarfareFireAndIce,,1,,"LokvyrBar_TW x1, MuspelheimCrystal_TW x1",,,Power,12,maxDurability,,,
RagnoriteDevastator_JH,Ragnorite Eruptor,WackysDatabase,,1,,"RagnoriteBar_TW x28, RuneDestruction_TW x16, DemonicHorn_TW x10, TrophySurtrImp_TW x1",31,,Power,1.5,maxDurability,1,,
ResinWood,Resin Wood,OdinShipPlus,Carpenters Table,1,,"RoundLog x10, Resin x10",,,Power,2,maxDurability,,,
RingBlackForest_TW,Magical Bronze Ring,Wizardry,,1,,"ShardElder_TW x4, Bronze x4, Ruby x2",,,Power,0,maxDurability,,,
RingLoki_TW,Thirst For Knowledge,WarfareFireAndIce,,1,,"ThoradusBar_TW x20, SurtrIdol_TW x10, RuneWrath_TW x14, TrophyStormHerald_TW x1",,,Power,0,maxDurability,,,
RingMistlands_TW,Magical Carapace Ring,Wizardry,,4,,"Carapace x4, Bilebag x1, Amethyst_TW x1, TrophyTick x1",,,Power,0,maxDurability,,,
RingMountain_TW,Magical Silver Ring,Wizardry,,3,,"ShardModer_TW x4, Silver x4, Diamond_TW x1",,,Power,0,maxDurability,,,
RingPlains_TW,Magical Blackmetal Ring,Wizardry,,4,,"ShardYagluth_TW x4, BlackMetal x4, Emerald_TW x1, TrophyGrowth x1",,,Power,0,maxDurability,,,
RingSwamp_TW,Magical Iron Ring,Wizardry,,2,,"ShardBonemass_TW x4, Iron x4, Onyx_TW x1",,,Power,0,maxDurability,,,
RoastedCrustPie,Roasted Crust Pie,Valheim,,1,,"Vineberry x2, VoltureEgg x1, BarleyFlour x4",,,Power,1,maxDurability,,,
RuneDestruction_TW,Magic Rune: Destruction,WarfareFireAndIce,,1,,"BlackIce_TW x5, FenrirArtifact_TW x15",,,Power,0.01,maxDurability,,,
runeknightchest,Rune Knight Armor,SouthsilArmor,,1,,"knightchest x1, BlackMetal x30, Eitr x30, BlackCore x2",,,Power,10,maxDurability,,,
runeknighthelm,Rune Knight Helm,SouthsilArmor,,1,,"knighthelm x1, BlackMetal x30, Eitr x30, BlackCore x2",,,Power,1,maxDurability,,,
runeknightlegs,Rune Knight Legplates,SouthsilArmor,,1,,"knightlegs x1, BlackMetal x30, Eitr x30, BlackCore x2",,,Power,10,maxDurability,,,
RuneRage_TW,Magic Rune: Rage,WarfareFireAndIce,,1,,"BlackIce_TW x5, FenrirArtifact_TW x15",,,Power,0.01,maxDurability,,,
RuneWrath_TW,Magic Rune: Wrath,WarfareFireAndIce,,1,,"RuneRage_TW x5, RuneDestruction_TW x5, FenrirArtifact_TW x5",,,Power,0.01,maxDurability,,,
SaddleAsksvin,Asksvin Saddle,Valheim,,2,,"FlametalNew x6, LinenThread x20, MorgenSinew x4",,,Power,10,maxDurability,,,
SaddleBear_TW,Bear Saddle,Monstrum,,3,,"BlackBearPelt_TW x6, TrollBone_TW x2, TrophyBlackBear_TW x1",,,Power,8,maxDurability,,,
SaddleBoar_TW,Razorback Saddle,Monstrum,,3,,"RazorbackLeather_TW x12, RazorbackTusk_TW x4, TrophyRazorback_TW x1",,,Power,8,maxDurability,,,
SaddleMammoth_TW,Pridetusk Saddle,MonstrumDeepNorth,,5,,"ArcticMammothPelt_TW x6, ArcticMammothTusk_TW x2, TrophyArcticMammoth_TW x1",,,Power,13,maxDurability,,,
SaddleProwler_TW,Prowler Saddle,Monstrum,,4,,"ProwlerFang_TW x4, LoxPelt x4, TrophyProwler_TW x1",,,Power,8,maxDurability,,,
SageBook01,Sage Book 01,SagesVault,,3,,"LeatherScraps x10, LinenThread x10, Silver x5",,,Power,3,maxDurability,,,
SageBook02,Sage Book 02,SagesVault,,3,,"LeatherScraps x10, LinenThread x10, Silver x5",10,,Power,5,maxDurability,,,
SageBook03,Sage Book 03,SagesVault,,3,,"LeatherScraps x10, LinenThread x10, Silver x5",10,,Power,5,maxDurability,,,
SageBook04,Sage Book 04,SagesVault,,3,,"LeatherScraps x10, LinenThread x10, Silver x5",10,,Power,5,maxDurability,,,
SageCrownGold01,Sage Crown Gold 01,SagesVault,,3,,"Silver x10, Ruby x1, Crystal x5",10,,Power,1,maxDurability,,,
SageCrownGold02,Sage Crown Gold 02,SagesVault,,3,,"Silver x10, Ruby x1, Crystal x5",10,,Power,1,maxDurability,,,
SageCrownGold03,Sage Crown Gold 03,SagesVault,,3,,"Silver x10, Ruby x1, Crystal x5",10,,Power,1,maxDurability,,,
SageCrownObsidian01,Sage Crown Obsidian 01,SagesVault,,3,,"Silver x10, Ruby x1, Crystal x5",10,,Power,1,maxDurability,,,
SageCrownObsidian02,Sage Crown Obsidian 02,SagesVault,,3,,"Silver x10, Ruby x1, Crystal x5",10,,Power,1,maxDurability,,,
SageCrownObsidian03,Sage Crown Obsidian 03,SagesVault,,3,,"Silver x10, Ruby x1, Crystal x5",10,,Power,1,maxDurability,,,
SageCrownSilver01,Sage Crown Silver 01,SagesVault,,3,,"Silver x10, Ruby x1, Crystal x5",10,,Power,1,maxDurability,,,
SageCrownSilver02,Sage Crown Silver 02,SagesVault,,3,,"Silver x10, Ruby x1, Crystal x5",10,,Power,1,maxDurability,,,
SageCrownSilver03,Sage Crown Silver 03,SagesVault,,3,,"Silver x10, Ruby x1, Crystal x5",10,,Power,1,maxDurability,,,
SageDarkStaff,Sage Dark Staff,shod in iron and inscribed with sigils and runes of all types,,3,,"DragonTear x10, Silver x60, Crystal x30, ElderBark x20",115,,Power,1,maxDurability,,,
SageFireStaff,Sage Fire Staff,shod in iron and inscribed with sigils and runes of all types,,3,,"DragonTear x10, Silver x60, Crystal x30, ElderBark x20",115,,Power,1,maxDurability,,,
SageHolyStaff,Sage Holy Staff,shod in iron and inscribed with sigils and runes of all types,,3,,"DragonTear x10, Silver x60, Crystal x30, ElderBark x20",115,,Power,1,maxDurability,,,
SageHoodBlack,Sage Hood Black,SagesVault,,3,,"LinenThread x10, TrollHide x30, GreydwarfEye x10",10,,Power,1,maxDurability,,,
SageHoodBlue,Sage Hood Blue,SagesVault,,3,,"LinenThread x10, TrollHide x30, GreydwarfEye x10",10,,Power,1,maxDurability,,,
SageHoodBrown,Sage Hood Brown,SagesVault,,3,,"LinenThread x10, TrollHide x30, GreydwarfEye x10",10,,Power,1,maxDurability,,,
SageHoodGray,Sage Hood Gray,SagesVault,,3,,"LinenThread x10, TrollHide x30, GreydwarfEye x10",10,,Power,1,maxDurability,,,
SageHoodGreen,Sage Hood Green,SagesVault,,3,,"LinenThread x10, TrollHide x30, GreydwarfEye x10",10,,Power,1,maxDurability,,,
SageHoodRed,Sage Hood Red,SagesVault,,3,,"LinenThread x10, TrollHide x30, GreydwarfEye x10",10,,Power,1,maxDurability,,,
SageHoodWhite,Sage Hood White,SagesVault,,3,,"LinenThread x10, TrollHide x30, GreydwarfEye x10",10,,Power,1,maxDurability,,,
SageIceStaff,Sage Ice Staff,shod in iron and inscribed with sigils and runes of all types,,3,,"DragonTear x10, Silver x60, Crystal x30, ElderBark x20",115,,Power,1,maxDurability,,,
SageLightningStaff,Sage Lightning Staff,shod in iron and inscribed with sigils and runes of all types,,3,,"DragonTear x10, Silver x60, Crystal x30, ElderBark x20",115,,Power,1,maxDurability,,,
SagePants,Sage Pants,SagesVault,,3,,"LinenThread x10, TrollHide x30, GreydwarfEye x10",,,Power,10,maxDurability,,,
SageRobeBlack,Sage Robe Black,SagesVault,,3,,"LinenThread x10, TrollHide x30, GreydwarfEye x10",,,Power,10,maxDurability,,,
SageRobeBlue,Sage Robe Blue,SagesVault,,3,,"LinenThread x10, TrollHide x30, GreydwarfEye x10",,,Power,10,maxDurability,,,
SageRobeBrown,Sage Robe Brown,SagesVault,,3,,"LinenThread x10, TrollHide x30, GreydwarfEye x10",,,Power,10,maxDurability,,,
SageRobeGray,Sage Robe Gray,SagesVault,,3,,"LinenThread x10, TrollHide x30, GreydwarfEye x10",,,Power,10,maxDurability,,,
SageRobeGreen,Sage Robe Green,SagesVault,,3,,"LinenThread x10, TrollHide x30, GreydwarfEye x10",,,Power,10,maxDurability,,,
SageRobeRed,Sage Robe Red,SagesVault,,3,,"LinenThread x10, TrollHide x30, GreydwarfEye x10",,,Power,10,maxDurability,,,
SageRobeWhite,Sage Robe White,SagesVault,,3,,"LinenThread x10, TrollHide x30, GreydwarfEye x10",,,Power,10,maxDurability,,,
SageTunicBlack,Sage Tunic Black,SagesVault,,3,,"LinenThread x10, TrollHide x30, GreydwarfEye x10",,,Power,5,maxDurability,,,
SageTunicBlue,Sage Tunic Blue,SagesVault,,3,,"LinenThread x10, TrollHide x30, GreydwarfEye x10",,,Power,5,maxDurability,,,
SageTunicBrown,Sage Tunic Brown,SagesVault,,3,,"LinenThread x10, TrollHide x30, GreydwarfEye x10",,,Power,5,maxDurability,,,
SageTunicGray,Sage Tunic Gray,SagesVault,,3,,"LinenThread x10, TrollHide x30, GreydwarfEye x10",,,Power,5,maxDurability,,,
SageTunicGreen,Sage Tunic Green,SagesVault,,3,,"LinenThread x10, TrollHide x30, GreydwarfEye x10",,,Power,5,maxDurability,,,
SageTunicRed,Sage Tunic Red,SagesVault,,3,,"LinenThread x10, TrollHide x30, GreydwarfEye x10",,,Power,5,maxDurability,,,
SageTunicWhite,Sage Tunic White,SagesVault,,3,,"LinenThread x10, TrollHide x30, GreydwarfEye x10",,,Power,5,maxDurability,,,
Salad,Salad,Valheim,,5,,"MushroomJotunPuffs x3, Onion x3, Cloudberry x3",,,Power,1,maxDurability,,,
samuraichest,Seekurai Wings,SouthsilArmor,,2,,"Copper x30, BlackMetal x30, YggdrasilWood x30, TrophySeeker x6",,,Power,10,maxDurability,,,
samuraihelm,Seekurai Mask,SouthsilArmor,,2,,"Copper x30, BlackMetal x30, YggdrasilWood x30, TrophySeekerBrute x1",,,Power,1,maxDurability,,,
samurailegs,Seekurai Claws,SouthsilArmor,,2,,"Copper x30, BlackMetal x30, JuteBlue x15",,,Power,10,maxDurability,,,
Sausages,Sausages,Valheim,,2,,"Entrails x4, RawMeat x1, Thistle x1",,,Power,0.5,maxDurability,,,
ScholarBackpack,Scholar Backpack,Valheim,,1,,"FabricBundle_Swamp_TW x2, Iron x2",,,Power,4,maxDurability,,,
ScholarFireStaff,Scholar Fire Staff,shod in iron and inscribed with sigils and runes of all types,,3,,"GreydwarfEye x50, Bronze x10, Ruby x5, FineWood x20",40,,Power,1,maxDurability,,,
ScorchingMedley,Scorching Medley,Valheim,,6,,"MushroomJotunPuffs x3, Onion x3, Fiddleheadfern x3",,,Power,1,maxDurability,,,
ScrollBackpack,Scroll Backpack,Valheim,,1,,"DeerHide x10, LeatherScraps x5, BlackBearPelt_TW x0, Bronze x0, RottenPelt_TW x0, Iron x0, GrizzlyBearPelt_TW x0, Silver x0, LoxPelt x0, BlackMetal x0",,,Power,4,maxDurability,,,
Scythe,Scythe,Valheim,,2,,"ScytheHandle x1, Silver x6",,,Power,2,maxDurability,,,
ScytheVampiric_TW,Blood Drinker,Warfare,,4,,"Iron x0, Iron x0, Iron x0, Silver x0, Silver x0, Silver x0, Silver x0, BlackMetal x0, BlackMetal x0, BlackMetal x0, BlackMetal x0, WitheredBone x0, WitheredBone x0, WitheredBone x0, SerpentScale x0, SerpentScale x0, SerpentScale x0, SerpentScale x0, LoxBone_TW x0, LoxBone_TW x0, LoxBone_TW x0, LoxBone_TW x0, Bloodbag x0, Bloodbag x0, Bloodbag x0, FreezeGland x0, FreezeGland x0, FreezeGland x0, FreezeGland x0, GoblinTotem x0, GoblinTotem x0, GoblinTotem x0, GoblinTotem x0, TrophyVrykolathas_TW x0, TrophyVrykolathas_TW x0, TrophyVrykolathas_TW x0, TrophySGolem x0, TrophySGolem x0, TrophySGolem x0, TrophySGolem x0, TrophyGoblinBrute x0, TrophyGoblinBrute x0, TrophyGoblinBrute x0, TrophyGoblinBrute x0",84,,Power,2.5,maxDurability,,,
SeekerAspic,Seeker Aspic,Valheim,,5,,"BugMeat x2, MushroomMagecap x2, RoyalJelly x2",,,Power,1,maxDurability,,,
SeekerJerky_JH,Seeker Jerky,WackysDatabase,,5,,"BugMeat x2, Honey x2, MushroomMagecap x1",,,Power,0.5,maxDurability,,,
SerpentJerky_JH,Serpent Jerky,WackysDatabase,,3,,"SerpentMeat x2, Honey x2",,,Power,1,maxDurability,,,
SerpentStew,Serpent Stew,Valheim,,3,,"Mushroom x1, SerpentMeatCooked x1, Onion x3, Honey x2",,,Power,1,maxDurability,,,
ShardBonemass_TW,Bonemass Shard,Wizardry,,1,,"ShardElder_TW x3, Iron x1",,,Power,1,maxDurability,,,
ShardElder_TW,Elder Shard,Wizardry,,1,,"Bronze x5, AncientSeed x2, TrophyGreydwarfShaman x1",,,Power,1,maxDurability,,,
ShardModer_TW,Moder Shard,Wizardry,,1,,"ShardBonemass_TW x3, Silver x1",,,Power,1,maxDurability,,,
ShardQueen_TW,Queen Shard,Wizardry,,1,,"ShardYagluth_TW x3, Eitr x1",,,Power,1,maxDurability,,,
ShardYagluth_TW,Yagluth Shard,Wizardry,,1,,"ShardModer_TW x3, BlackMetal x1",,,Power,1,maxDurability,,,
SharkFinSoup_TW,Bloodgill Fin Soup,Monstrum,,5,,"SharkMeat_TW x1, SharkFin_TW x2, Cloudberry x3",,,Power,1,maxDurability,,,
SharpeningStone,Sharpening Stone,Valheim,,1,,Stone x5,,,Power,6,maxDurability,,,
shawarcaniumshield,Bulwark of the Arcanium Paladin,Shawesomes_Divine_Armaments,,2,,"Arcanium x4, Thunderstorm_Item x10",10,,Power,40,maxDurability,4,,
ShawDivineElixerBase,Divine Elixir Base,Shawesomes_Divine_Armaments,,1,,"Thunderstorm_Item x10, GemstoneBlue x1, MeadHealthMajor x1, MeadEitrMinor x1, MeadStaminaMedium x1, MeadHealthLingering x1, MeadEitrLingering x1, MeadStaminaLingering x1",,,Power,1,maxDurability,,,
ShawesomeCape,Shroud of Shawesome,Consecrated in the Blood of Jörmungandr and Blessed by Thor. Gifts from the Gods to the Mighty Shawesome for his Ascension to the Godly Realm...,,2,,"shawfirelegs x1, shawfirechest x1, shawfirehelm x1, FlametalNew x20",,,Power,4,maxDurability,3,,
shawesomeslayercape,Emerald Dragon Cape,Shawesomes_Divine_Armaments,,2,,"FlametalNew x20, TrophyFader x1, GemstoneGreen x1, BlackMetal x20",,,Power,4,maxDurability,4,,
shawesomesledge,Divine Elemental Sledge,Shawesomes_Divine_Armaments,,2,,Arcanium x4,185,,Power,4,maxDurability,5,,
shawfirechest,Infernal Aegisplate,but endured—tempered by divine flame.,,5,,"Thunderstorm_Item x10, Arcanium x5",,,Power,40,maxDurability,2,,
shawfirehelm,Eyes of the Cinder Saint,Shawesomes_Divine_Armaments,,5,,"Thunderstorm_Item x10, Arcanium x2",,,Power,4,maxDurability,,,
shawfirelegs,Ashenstride Sabatons,Shawesomes_Divine_Armaments,,5,,"Thunderstorm_Item x10, Arcanium x4",,,Power,10,maxDurability,4,,
shawfireproof,Aegis of the Ashlands,its heavy and warm but the flames do not burn you...,,2,,"TrophyCultist x1, TrophySurtling x1, FlametalNew x10",296,,Power,5,maxDurability,5,,
shawfrostchest,Vafþrúðnir's Glacial Plate,heralding the doom of gods and men. As the Realms stir and brace for Ragnarok,,5,,"Thunderstorm_Item x10, Arcanium x5",,,Power,40,maxDurability,2,,
shawfrosthelm,Sight of Vafþrúðnir,From Ymir's dreams,,5,,"Thunderstorm_Item x10, Arcanium x5",,,Power,4,maxDurability,,,
shawfrostlegs,Frozen Greaves of Vafþrúðnir,the wearer treads the path foreseen by the ancient seer,,5,,"Thunderstorm_Item x10, Arcanium x4",,,Power,10,maxDurability,4,,
ShieldArcticSerpentscale_TW,Icestalker Scale Shield,WarfareFireAndIce,,1,,"ArcticSerpentScale_TW x25, ArcticMammothTusk_TW x10, BlackIce_TW x25, TrophyArcticSerpent_TW x1",10,,Power,6,maxDurability,,,
ShieldBanded,Banded Shield,Valheim,,2,,"FineWood x10, Iron x8",10,,Power,5,maxDurability,2,,
ShieldBlackmetal,Black Metal Shield,Valheim,,3,,"FineWood x10, BlackMetal x8, Chain x5",10,,Power,5,maxDurability,4,,
ShieldBlackmetalBuckler_TW,Blackmetal Buckler,Warfare,,3,,"BlackMetal x20, FineWood x12, LinenThread x6, TrophyLox x1",,,Power,4,maxDurability,,,
ShieldBlackmetalTower,Black Metal Tower Shield,Valheim,,3,,"FineWood x15, BlackMetal x10, Chain x7",10,,Power,5,maxDurability,4,,
ShieldBoneTower,Bone Tower Shield,Valheim,,3,,"Wood x10, BoneFragments x10, TrophySkeleton x3",,,Power,4,maxDurability,1,,
ShieldBronzeBanded_TW,Bronze Banded Shield,Warfare,,1,,"RoundLog x10, Bronze x12, DeerHide x2",5,,Power,5,maxDurability,,,
ShieldBronzeBuckler,Bronze Buckler,Valheim,,1,,"Bronze x10, Wood x4",,,Power,3,maxDurability,1,,
ShieldBronzeTower_TW,Bronze Tower Shield,Warfare,,1,,"RoundLog x12, Bronze x14, DeerHide x2",,,Power,4,maxDurability,,,
ShieldCarapace,Carapace Shield,Valheim,,1,,"Carapace x20, ScaleHide x3, Eitr x10",10,,Power,5,maxDurability,5,,
ShieldCarapaceBuckler,Carapace Buckler,Valheim,,1,,"Carapace x16, ScaleHide x3, Eitr x10",10,,Power,5,maxDurability,5,,
ShieldCarapaceTower_TW,Carapace Scale Dome,Warfare,,1,,"Carapace x30, BlackMarble x20, Eitr x14, DarkCrystal_TW x6",10,,Power,5,maxDurability,,,
ShieldChitin_TW,Barnacle Shield,Warfare,,1,,"Chitin x15, ElderBark x12, Bronze x10",5,,Power,5,maxDurability,,,
ShieldChitinBuckler_TW,Chitin Buckler,Warfare,,1,,"Chitin x25, ElderBark x10, Bronze x10",,,Power,4,maxDurability,,,
ShieldChitinTower_TW,Chitin Tower Shield,Warfare,,1,,"Chitin x18, ElderBark x14, Bronze x10",,,Power,4,maxDurability,,,
ShieldCore,Shield Core,Valheim,,2,,"BlackCore x1, SurtlingCore x1, CeramicPlate x5",,,Power,1,maxDurability,,,
ShieldFlametal,Flametal Shield,Valheim,,3,,"Blackwood x10, FlametalNew x8, AskHide x2",10,,Power,5,maxDurability,4,,
ShieldFlametalTower,Flametal Tower Shield,Valheim,,3,,"Blackwood x15, FlametalNew x10, AskHide x5",10,,Power,5,maxDurability,4,,
ShieldIronBuckler,Iron Buckler,Valheim,,2,,"Iron x10, ElderBark x4",,,Power,4,maxDurability,2,,
ShieldIronSquare,Iron Shield,Valheim,,2,,"FineWood x10, Iron x6",,,Power,4,maxDurability,2,,
ShieldIronTower,Iron Tower Shield,Valheim,,2,,"FineWood x15, Iron x10",,,Power,4,maxDurability,2,,
ShieldNjord_TW,Njord Aegis,WarfareFireAndIce,,1,,"TyraniumBar_TW x12, FurBundleNorth_TW x10, BorealWood_TW x12, JotunnEye_TW x6",10,,Power,5,maxDurability,,,
ShieldNjordBuckler_TW,Njord Buckler,WarfareFireAndIce,,1,,"TyraniumBar_TW x16, RuneRage_TW x14, ArcticBearPelt_TW x6, YmirIdol_TW x4",,,Power,5.5,maxDurability,,,
ShieldNjordTower_TW,Njord Tribe Defender,WarfareFireAndIce,,1,,"TyraniumBar_TW x18, FurBundleNorth_TW x16, ArcticSerpentScale_TW x12, YmirIdol_TW x4",10,,Power,5,maxDurability,,,
ShieldSerpentscale,Serpent Scale Shield,Valheim,,3,,"FineWood x10, Iron x4, SerpentScale x8",10,,Power,5,maxDurability,3,,
ShieldSilver,Silver Shield,Valheim,,3,,"FineWood x10, Silver x8",10,,Power,5,maxDurability,3,,
ShieldSilverBuckler_TW,Silver Buckler,Warfare,,3,,"Silver x10, FineWood x6, Crystal x6, TrophySGolem x1",,,Power,4,maxDurability,,,
ShieldSurtr_TW,Surtr Deflector,WarfareFireAndIce,,1,,"RagnoriteBar_TW x12, HelHideBundle_TW x10, BorealWood_TW x12, DemonicSoulstone_TW x6",10,,Power,5,maxDurability,,,
ShieldSurtrBuckler_TW,Surtr Buckler,WarfareFireAndIce,,1,,"RagnoriteBar_TW x16, RuneDestruction_TW x14, DrakeScale_TW x6, SurtrIdol_TW x4",,,Power,6,maxDurability,,,
ShieldSurtrTower_TW,Surtr Bulwark,WarfareFireAndIce,,1,,"RagnoriteBar_TW x18, HelHideBundle_TW x16, DaggerfangScaleHide_TW x12, SurtrIdol_TW x4",10,,Power,5,maxDurability,,,
ShieldWood,Wood Shield,Valheim,,1,,"Wood x10, Resin x4, LeatherScraps x4",,,Power,4,maxDurability,,,
ShieldWoodTower,Wood Tower Shield,Valheim,,1,,"Wood x10, LeatherScraps x6",,,Power,4,maxDurability,,,
ShipRope,Marine Rope,OdinShipPlus,Carpenters Table,1,,LeatherScraps x5,,,Power,2,maxDurability,,,
ShocklateSmoothie,Muckshake,Valheim,,2,,"Ooze x1, Raspberry x2, Blueberries x2",,,Power,1,maxDurability,,,
ShroomSoupBlackForest_TW,Witcheye Soup,Wizardry,,1,,"MushroomWitcheye_TW x3, Mushroom x4, RawMeat x2",,,Power,0.3,maxDurability,,,
ShroomSoupMountain_TW,Wizard Butter Soup,Wizardry,,3,,"MushroomWizardbutter_TW x2, Onion x2, WolfMeat x2",,,Power,0.3,maxDurability,,,
ShroomSoupPlains_TW,Devils Tongue soup,Wizardry,,4,,"MushroomDevilstongue_TW x3, Barley x2, LoxMeat x2",,,Power,0.3,maxDurability,,,
ShroomSoupSwamp_TW,Deathcap Soup,Wizardry,,2,,"MushroomDeathcap_TW x2, Carrot x2, Entrails x3",,,Power,0.3,maxDurability,,,
ShroomTartUncooked_TW,Uncooked Mushroom Tart,MonstrumDeepNorth,,1,,"BarleyFlour x2, Helweed_TW x2, MushroomWintercap_TW x2, TundraBerry_TW x3",,,Power,1,maxDurability,,,
shwhevnlyltng,Thundering Lightning Bolt,capable of decimating foes with a single strike. Wield this electrifying weapon to call down the heavens' might and unleash unbridled power upon your enemies.,,2,,"ShawesomeCape x1, Buildnir x1, Thunderstorm_Item x10",310,,Power,1.5,maxDurability,3,,
shwsmpalladinCuirass,Arcanium Paladin Cuirass,Shawesomes_Divine_Armaments,,2,,"Arcanium x5, Thunderstorm_Item x10",,,Power,30,maxDurability,4,,
shwsmpalladinGreaves,Arcanium Paladin Greaves,to better absorb the Eitr with each step.,,2,,"Arcanium x4, Thunderstorm_Item x10",,,Power,0.4,maxDurability,4,,
shwsmpalladinhead,Arcanium Paladin Helm,their powers now yours to weild... Their Wisdom yours to cultivate.,,2,,"Arcanium x2, Thunderstorm_Item x10",,,Power,4,maxDurability,,,
shwsmpalladinheadVisor,Arcanium Paladin Helm (Visor),their powers now yours to weild... Their Wisdom yours to cultivate.,,2,,"Arcanium x3, Thunderstorm_Item x10",,,Power,4,maxDurability,,,
SilverBattleaxeHTD,Silver Battleaxe,Hugos Armory,,1,,"ElderBark x20, Silver x18, LeatherScraps x9, Iron x7",147,,Power,4,maxDurability,4,,
SilverBelt_JH,Silver Belt,WackysDatabase,,4,,"BeltStrength x1, Silver x10, YmirRemains x3",,,Power,2,maxDurability,,,
SilverDevastator_JH,Silver Eruptor,WackysDatabase,,3,,"Silver x30, ElderBark x20, IronNails x10, TrophyHatchling x1",15,,Power,1.5,maxDurability,1,,
SilverFistsHTD,Silver Claws,Hugos Armory,,1,,"WolfPelt x8, Silver x10, LeatherScraps x9, Iron x5",100,,Power,4,maxDurability,1,,
SilverGreatMaceHTD,Great Silver Mace,Hugos Armory,,1,,"ElderBark x20, Silver x20, YmirRemains x10, FreezeGland x10",168,,Power,8,maxDurability,4,,
SilverGreatSwordHTD,Silver Greatsword,Hugos Armory,,1,,"FineWood x8, Silver x12, LeatherScraps x9, Iron x7",126,,Power,4,maxDurability,4,,
SilverRing,Silver Ring,Epic Loot,,1,,"Silver x4, Tin x6",,,Power,0.1,maxDurability,,,0
SimpleBackpack,Simple Backpack,Valheim,,1,,"DeerHide x10, LeatherScraps x5",,,Power,4,maxDurability,,,
SizzlingBerryBroth,Sizzling Berry Broth,Valheim,,5,,"Sap x3, Fiddleheadfern x2, Vineberry x2",,,Power,1,maxDurability,,,
SkillPotionAxe_JH,Skill Potion - Axes,WackysDatabase,,1,,"MeadTasty x1, SurtlingCore x1, AncientSeed x1, InfusedCrystal_JH x5",,,Power,1,maxDurability,,,
SkillPotionClub_JH,Skill Potion - Clubs,WackysDatabase,,1,,"MeadTasty x1, SurtlingCore x1, AncientSeed x1, InfusedCrystal_JH x5",,,Power,1,maxDurability,,,
SkillPotionKnives_JH,Skill Potion - Knives,WackysDatabase,,1,,"MeadTasty x1, SurtlingCore x1, AncientSeed x1, InfusedCrystal_JH x5",,,Power,1,maxDurability,,,
SkillPotionPolearm_JH,Skill Potion - Polearm,WackysDatabase,,1,,"MeadTasty x1, SurtlingCore x1, AncientSeed x1, InfusedCrystal_JH x5",,,Power,1,maxDurability,,,
SkillPotionSpear_JH,Skill Potion - Spear,WackysDatabase,,1,,"MeadTasty x1, SurtlingCore x1, AncientSeed x1, InfusedCrystal_JH x5",,,Power,1,maxDurability,,,
SkillPotionSword_JH,Skill Potion - Swords,WackysDatabase,,1,,"MeadTasty x1, SurtlingCore x1, AncientSeed x1, InfusedCrystal_JH x5",,,Power,1,maxDurability,,,
SkillPotionUnarmed_JH,Skill Potion - Unarmed,WackysDatabase,,1,,"MeadTasty x1, SurtlingCore x1, AncientSeed x1, InfusedCrystal_JH x5",,,Power,1,maxDurability,,,
skogchest,Stone Golem Chest,SouthsilArmor,,3,,"Silver x25, JuteRed x15, TrophySGolem x2, Crystal x0",,,Power,10,maxDurability,,,
skoghelm,Stone Golem Helm,SouthsilArmor,,3,,"Silver x25, TrophySGolem x1, TrophyEikthyr x2, Crystal x0",,,Power,1,maxDurability,,,
skoglegs,Stone Golem Legs,SouthsilArmor,,3,,"Silver x20, JuteRed x15, WolfHairBundle x15",,,Power,10,maxDurability,,,
slayerhelm,Helm of Slaying,Shawesomes_Divine_Armaments,,2,,FlametalNew x60,,,Power,20,maxDurability,,,
SledgeBlackmetal_TW,Blackmetal Sledgehammer,Warfare,,4,,"FineWood x25, BlackMetal x30, LinenThread x14, TrophyGoblinBrute x1",100,,Power,4,maxDurability,,,
SledgeBonemass_TW,Skullcrusher,Warfare,,4,,"Iron x40, Guck x30, Ooze x20, TrophyBonemass x1",79,,Power,4,maxDurability,,,
SledgeBronze_TW,Bronze Sledgehammer,Warfare,,1,,"RoundLog x10, Bronze x12, TrophyGreydwarfBrute x1",45,,Power,4,maxDurability,,,
SledgeDemolisher,Demolisher,Valheim,,1,,"YggdrasilWood x10, Iron x20, Eitr x10",145,,Power,4,maxDurability,5,,
SledgeDemolisher_TW,Demolisher,Warfare,,1,,"YggdrasilWood x10, Iron x20, Eitr x10",150,,Power,4,maxDurability,,,
SledgeFlametal_TW,Flametal Sledgehammer,Warfare,,1,,"FlametalNew x30, BonemawSerpentTooth x12, AskHide x10, TrophyMorgen x1",170,,Power,4,maxDurability,,,
SledgeIron,Iron Sledge,Valheim,,2,,"ElderBark x10, Iron x30, YmirRemains x4, TrophyDraugrElite x1",55,,Power,4,maxDurability,2,,
SledgeIron_TW,Iron Sledge,Warfare,,2,,"ElderBark x10, Iron x30, YmirRemains x4, TrophyDraugrElite x1",60,,Power,4,maxDurability,,,
SledgeNjord_TW,Njord Sledgehammer,WarfareFireAndIce,,1,,"TyraniumBar_TW x28, RuneRage_TW x16, BorealPineWood_TW x22, TrophyArcticGolem_TW x1",188,,Power,4,maxDurability,,,
SledgeSilver_TW,Silver Sledgehammer,Warfare,,3,,"ElderBark x20, Silver x25, WolfFang x10, TrophyCultist x1",105,,Power,4,maxDurability,,,
SledgeStagbreaker,Stagbreaker,Valheim,,2,,"RoundLog x20, TrophyDeer x5, LeatherScraps x2, BoneFragments x0",25,,Power,4,maxDurability,,,
SledgeStagbreaker_TW,Stagbreaker,Warfare,,2,,"RoundLog x20, TrophyDeer x5, LeatherScraps x2, BoneFragments x0",25,,Power,4,maxDurability,,,
SledgeSurtr_TW,Surtr Sledgehammer,WarfareFireAndIce,,1,,"RagnoriteBar_TW x28, RuneDestruction_TW x16, BorealPineWood_TW x22, TrophyArcticGolem_TW x1",188,,Power,4,maxDurability,,,
SparklingShroomshake,Sparkling Shroomshake,Valheim,,6,,"Sap x4, Vineberry x2, MushroomSmokePuff x2, MushroomMagecap x2",,,Power,1,maxDurability,,,
SpearBlackmetal_TW,Blackmetal Spear,Warfare,,4,,"FineWood x30, BlackMetal x20, Needle x12, TrophyLox x1",95,,Power,1.5,maxDurability,,,
SpearBronze,Bronze Spear,Valheim,,1,,"Wood x5, Bronze x6, DeerHide x2",35,,Power,1.5,maxDurability,1,,
SpearCarapace,Carapace Spear,Valheim,,1,,"YggdrasilWood x10, Carapace x4, Mandible x2",115,,Power,1.5,maxDurability,5,,
SpearChitin,Abyssal Harpoon,Valheim,,2,,"FineWood x8, Chitin x30, LeatherScraps x3",10,,Power,1.5,maxDurability,3,,
SpearElderbark,Ancient Bark Spear,Valheim,,3,,"TrollHide x4, Iron x10, ElderBark x10",55,,Power,1.5,maxDurability,2,,
SpearFlint,Flint Spear,Valheim,,1,,"Wood x5, Flint x10, LeatherScraps x2",20,,Power,1.5,maxDurability,,,
SpearNjord_TW,Njord Spear,WarfareFireAndIce,,1,,"TyraniumBar_TW x20, RuneRage_TW x14, BorealWood_TW x22, TrophyArcticMammoth_TW x1",160,,Power,1.5,maxDurability,,,
spearodingungnir,Gungnir,Shawesomes_Divine_Armaments,,2,,"ShawesomeCape x1, Thunderstorm_Item x10, FlametalNew x10, Buildnir x1",1000,,Power,4,maxDurability,5,,
SpearSplitner,Splitnir,Valheim,,3,,"Blackwood x10, FlametalNew x6, AskHide x2, BonemawSerpentTooth x3",135,,Power,1.5,maxDurability,5,,
SpearSplitner_Blood,Splitnir the Bleeding,Valheim,,4,,"SpearSplitner x1, FlametalNew x6, GemstoneRed x1",135,,Power,1.5,maxDurability,5,,
SpearSplitner_Lightning,Splitnir the Storming,Valheim,,4,,"SpearSplitner x1, FlametalNew x6, GemstoneBlue x1",145,,Power,1.5,maxDurability,5,,
SpearSplitner_Nature,Splitnir the Primal,Valheim,,4,,"SpearSplitner x1, FlametalNew x6, GemstoneGreen x1",145,,Power,1.5,maxDurability,5,,
SpearSurtr_TW,Surtr Spear,WarfareFireAndIce,,1,,"RagnoriteBar_TW x20, RuneDestruction_TW x14, BorealWood_TW x22, TrophySurtrHound_TW x1",160,,Power,1.5,maxDurability,,,
SpearWolfFang,Fang Spear,Valheim,,3,,"ElderBark x10, WolfFang x4, LeatherScraps x2, Silver x2",75,,Power,1.5,maxDurability,3,,
ss_ashcape,Collarless Ashen Cape,SouthsilArmor,,1,,"AskHide x6, MorgenSinew x2, FlametalNew x5",,,Power,4,maxDurability,4,,
ss_barbchest,Barbarian Pauldron,SouthsilArmor,,4,,"Silver x20, BlackMetal x20, Tar x15, TrophyGoblinShaman x1",,,Power,10,maxDurability,,,
ss_barbhelm,Jawbone Casque,SouthsilArmor,,4,,"Silver x20, BlackMetal x20, WolfFang x2, TrophyGoblinBruteBrosBrute x1",,,Power,1,maxDurability,,,
ss_barblegs,Barbarian Belt,SouthsilArmor,,4,,"Silver x20, BlackMetal x20, LoxPelt x20, TrophyHatchling x5",,,Power,10,maxDurability,,,
ss_cape_boar,Boar Skin Cape,SouthsilArmor,,1,,"LeatherScraps x20, TrophyBoar x1, Bronze x3",,,Power,4,maxDurability,3,,
ss_frodechest,Armor of Thetis,SouthsilArmor,,1,,"ancientironchest x1, sven2chest x1, FlametalNew x10, Eitr x20",,,Power,10,maxDurability,,,
ss_frodehelm,Greathelm of Thetis,SouthsilArmor,,1,,"ancientironhelm x1, sven2 x1, FlametalNew x10, Eitr x20",10,,Power,3,maxDurability,,,
ss_frodelegs,Legguards of Thetis,SouthsilArmor,,1,,"ancientironlegs x1, sven2legs x1, FlametalNew x10, Eitr x20",,,Power,10,maxDurability,,,
ss_korokchest,Onslaught Cuirass,SouthsilArmor,,1,,"BlackMetal x30, FlametalNew x30, DragonEgg x5",,,Power,10,maxDurability,,,
ss_korokhelm,Onslaught Visor,SouthsilArmor,,1,,"TrophyDragonQueen x1, FlametalNew x20, BlackMetal x20",,,Power,1,maxDurability,,,
ss_koroklegs,Onslaught Sabatons,SouthsilArmor,,1,,"BlackMetal x30, FlametalNew x30, DragonEgg x5",,,Power,10,maxDurability,,,
ss_serpentcape,Serpent Scale Cloak,SouthsilArmor,,1,,"AskHide x6, Eitr x30, TrophySerpent x1",,,Power,4,maxDurability,5,,
ss_storrcape,Heavy Lox Cape,SouthsilArmor,,1,,"AskHide x6, LoxPelt x50, FlametalNew x8, Blueberries x5",,,Power,4,maxDurability,5,,
ss_storrchest,Last Hero's Cuirass,SouthsilArmor,,1,,"stjudechest x1, bearchest2 x1, ss_korokchest x1, Eitr x20, FlametalNew x0",,,Power,10,maxDurability,,,
ss_storrhelm,Last Hero's Helm,SouthsilArmor,,1,,"stjudehelm x1, bearhelm2 x1, ss_korokhelm x1, Eitr x20, FlametalNew x0",,,Power,1,maxDurability,,,
ss_storrlegs,Last Hero's Greaves,SouthsilArmor,,1,,"stjudelegs x1, bearlegs2 x1, ss_koroklegs x1, Eitr x20, FlametalNew x0",,,Power,10,maxDurability,,,
ss_wraithchest,Wraith Chest,SouthsilArmor,,1,,"FlametalNew x10, BlackMarble x15, JuteRed x15, TrophyGoblinKing x1",,,Power,10,maxDurability,,,
ss_wraithhelm,Wraith Mask,SouthsilArmor,,1,,"FlametalNew x10, BlackMarble x15, Softtissue x15, TrophySkeletonHildir x1",,,Power,1,maxDurability,,,
ss_wraithlegs,Wraith Legs,SouthsilArmor,,1,,"FlametalNew x5, BlackMarble x15, Softtissue x15, BlackCore x2",,,Power,10,maxDurability,,,
Staffbase_BlackForest_TW,Gnarly Staff base,Wizardry,,1,,"EnchantedWoodBlackForest_TW x10, SurtlingCore x4",17,,Power,1,maxDurability,,,
Staffbase_Mistlands_TW,Mysterious Staff base,Wizardry,,1,,"EnchantedWoodMistlands_TW x30, Carapace x12",57,,Power,1,maxDurability,,,
Staffbase_Mountain_TW,Pure Staff base,Wizardry,,1,,"EnchantedWoodMountain_TW x18, Silver x10, FreezeGland x4",37,,Power,1,maxDurability,,,
Staffbase_Plains_TW,Wicked Staff base,Wizardry,,1,,"EnchantedWoodPlains_TW x24, BlackMetal x10",47,,Power,1,maxDurability,,,
Staffbase_Swamp_TW,Rotting Staff base,Wizardry,,1,,"EnchantedWoodSwamp_TW x14, Iron x8, WitheredBone x6",27,,Power,1,maxDurability,,,
StaffBlackforest_TW,Evergrowth Staff,Wizardry,,1,,"Staffbase_BlackForest_TW x1, Staffcore_BlackForest_TW x1, ArcaneScroll_BlackForest_TW x0",40,,Power,0.3,maxDurability,,,
StaffBurst_JH,Magic Burst Shot,WackysDatabase,,2,,"Wood x10, Flint x4, DeerHide x4, BoneFragments x0",4,,Power,1.5,maxDurability,1,,
StaffClusterbomb,Staff of Fracturing,Valheim,,2,,"CharredBone x15, Blackwood x5, ProustitePowder x8",24,,Power,0.3,maxDurability,5,,
Staffcore_BlackForest_TW,Evergrowth Core,Wizardry,,2,,"AncientSeed x9, ShardElder_TW x3",,,Power,1,maxDurability,,,
Staffcore_Mistlands_TW,Tempest Core,Wizardry,,6,,"Softtissue x20, ShardQueen_TW x8, Eitr x30, TrophyDvergr x1",,,Power,2,maxDurability,,,
Staffcore_Mountain_TW,Crystalline Core,Wizardry,,5,,"Crystal x15, Obsidian x10, ShardModer_TW x4",,,Power,1,maxDurability,,,
Staffcore_Plains_TW,Chaos Core,Wizardry,,5,,"GoblinTotem x6, ShardYagluth_TW x4, TrophyGoblinShaman x1",,,Power,2,maxDurability,,,
Staffcore_Swamp_TW,Underworld Core,Wizardry,,3,,"WitheredBone x8, ShardBonemass_TW x3, TrophySheep_TW x1",,,Power,2,maxDurability,,,
StaffFireball,Staff of Embers,Valheim,,1,,"YggdrasilWood x20, SurtlingCore x4, Eitr x16",240,,Power,0.3,maxDurability,5,,
StaffFireBurst_JH,Fire Burst Shot,WackysDatabase,,1,,"EnchantedWoodBlackForest_TW x10, SurtlingCore x4, ShardElder_TW x3, Bronze x5, ArcaneScroll_BlackForest_TW x0",8,,Power,1.5,maxDurability,1,,
StaffFrostBurst_JH,Frost Burst Shot,WackysDatabase,,1,,"EnchantedWoodMountain_TW x18, FreezeGland x5, ShardModer_TW x3, Silver x5, ArcaneScroll_Mountain_TW x0",15,,Power,1.5,maxDurability,3,,
StaffGolem_TW,Tarmancer,Wizardry,,4,,"Tar x30, ShardYagluth_TW x10, GoblinTotem x4, TrophyGrowth x1",,,Power,0.3,maxDurability,,,
StaffGreenRoots,Staff of the Wild,Valheim,,2,,"Blackwood x15, Fiddleheadfern x10, CelestialFeather x3, GemstoneGreen x1",40,,Power,0.3,maxDurability,5,,
StaffIceShards,Staff of Frost,Valheim,,1,,"YggdrasilWood x20, FreezeGland x4, Eitr x16",35,,Power,0.3,maxDurability,5,,
StaffImpDemon_TW,Voidcaller,WarfareFireAndIce,,1,,"RagnoriteBar_TW x30, RuneDestruction_TW x14, SurtrIdol_TW x6, TrophySurtrImp_TW x1",,,Power,0.3,maxDurability,,,
StaffLightning,Dundr,Valheim,,2,,"Blackwood x10, FlametalNew x4, CelestialFeather x3, GemstoneRed x1",20,,Power,1.5,maxDurability,5,,
StaffLightningBurst_JH,Lightning Burst Shot,WackysDatabase,,1,,"EnchantedWoodPlains_TW x22, Thunderstone x4, ShardYagluth_TW x3, BlackMetal x5, ArcaneScroll_Plains_TW x0",15,,Power,1.5,maxDurability,4,,
StaffMistlands_TW,Tempest Staff,Wizardry,,1,,"Staffbase_Mistlands_TW x1, Staffcore_Mistlands_TW x1, ArcaneScroll_Mistlands_TW x0, TrophyGjall x0",125,,Power,0.3,maxDurability,,,
StaffMountain_TW,Crystaline Staff,Wizardry,,1,,"Staffbase_Mountain_TW x1, Staffcore_Mountain_TW x1, ArcaneScroll_Mountain_TW x0",20,,Power,0.3,maxDurability,,,
StaffofHealing2_JH,Staff of Major Healing,WackysDatabase,,1,,"EnchantedWoodMountain_TW x10, ShardModer_TW x3, Silver x20, TrophyCultist x1",,,Power,0.3,maxDurability,1,,
StaffofHealing_JH,Staff of Minor Healing,WackysDatabase,,1,,"EnchantedWoodBlackForest_TW x10, ShardElder_TW x3, Bronze x20, TrophyGreydwarfShaman x1",,,Power,0.3,maxDurability,1,,
StaffPlains_TW,Chaos Staff,Wizardry,,1,,"Staffbase_Plains_TW x1, Staffcore_Plains_TW x1, ArcaneScroll_Plains_TW x0",50,,Power,0.3,maxDurability,,,
StaffPoisonBurst_JH,Poison Burst Shot,WackysDatabase,,1,,"EnchantedWoodSwamp_TW x14, Guck x8, ShardBonemass_TW x3, Iron x5, ArcaneScroll_Swamp_TW x0",24,,Power,1.5,maxDurability,2,,
StaffRedTroll,Trollstav,Valheim,,2,,"CharredBone x15, TrophyFrostTroll x1, FlametalNew x3, GemstoneRed x1",,,Power,0.3,maxDurability,5,,
StaffShield,Staff of Protection,Valheim,,1,,"YggdrasilWood x20, GiantBloodSack x4, Eitr x16",0,,Power,0.3,maxDurability,5,,
StaffSkeleton,Dead Raiser,Valheim,,1,,"BoneFragments x10, Eitr x16, TrophySkeleton x4",0,,Power,0.3,maxDurability,5,,
StaffSkrymir_TW,Skrymir's Chill,WarfareFireAndIce,,1,,"TyraniumBar_TW x30, RuneRage_TW x18, YmirIdol_TW x6, TrophyJotunnShaman_TW x1",216,,Power,0.3,maxDurability,,,
StaffStorm_TW,Stormcaller,WarfareFireAndIce,,1,,"ThoradusBar_TW x60, RuneWrath_TW x30, FenrirArtifact_TW x12, TrophyStormHerald_TW x1",32,,Power,0.3,maxDurability,5,,
StaffSurtling_TW,Firestarter,Wizardry,,3,,"SurtlingCore x12, ShardBonemass_TW x6, TrophySurtling x1, ArcaneScroll_Swamp_TW x0",,,Power,0.3,maxDurability,,,
StaffSwamp_TW,Underworld Staff,Wizardry,,1,,"Staffbase_Swamp_TW x1, Staffcore_Swamp_TW x1, ArcaneScroll_Swamp_TW x0",85,,Power,0.3,maxDurability,,,
StaffVulkarion_TW,Vulkarion's Rage,WarfareFireAndIce,,1,,"RagnoriteBar_TW x30, RuneDestruction_TW x18, SurtrIdol_TW x6, TrophySurtrSeer_TW x1",52,,Power,0.3,maxDurability,,,
stjudechest,St. Jude Armor,SouthsilArmor,,1,,"bpchest x1, FlametalNew x25, Eitr x15, LinenThread x20",,,Power,10,maxDurability,,,
stjudehelm,Finned Greathelm of St. Jude,SouthsilArmor,,1,,"bphelm x1, FlametalNew x25, Eitr x15, TrophySerpent x1",,,Power,1,maxDurability,,,
stjudelegs,St. Jude Legguards,SouthsilArmor,,1,,"bplegs x1, FlametalNew x25, Eitr x15, LinenThread x20",,,Power,10,maxDurability,,,
StormTempleKey_TW,Storm Key,WarfareFireAndIce,,1,,"ThoradusBar_TW x12, RuneWrath_TW x20, SurtrIdol_TW x2, YmirIdol_TW x2",,,Power,0.5,maxDurability,,,
SunBlock4000,Svalinn,The argent shield,,2,,"TrophyUlv x1, TrophyDragonQueen x1, YmirRemains x10",296,,Power,5,maxDurability,5,,
Svandemcrescent,Emerald Crecent,Shawesomes_Divine_Armaments,,2,,"FlametalNew x20, TrophyFader x1, GemstoneGreen x1, BlackMetal x20",200,,Power,0.8,maxDurability,5,,
sVandemDracoChest,Emerald Dragon Cuirass,Shawesomes_Divine_Armaments,,2,,"FlametalNew x20, TrophyFader x1, GemstoneGreen x1, BlackMetal x20",,,Power,30,maxDurability,4,,
sVandemDracoGreaves,Emerald Dragon Greaves,light weight and very durable.,,2,,"FlametalNew x20, TrophyFader x1, GemstoneGreen x1, BlackMetal x20",,,Power,0.4,maxDurability,4,,
sVandemDracohead,Emerald Dragon Helm,lesser creatures dare not go near you.,,2,,"FlametalNew x20, TrophyFader x1, GemstoneGreen x1, BlackMetal x20",,,Power,4,maxDurability,,,
svandemhidenbow,Phantom Bow,Shawesomes_Divine_Armaments,,2,,"FlametalNew x20, TrophyFader x1, GemstoneGreen x1, BlackMetal x20",125,,Power,1.5,maxDurability,5,,
svandemthroaxe,Drakbane,Shawesomes_Divine_Armaments,,2,,"FlametalNew x20, TrophyFader x1, GemstoneGreen x1, BlackMetal x20",50,,Power,0.4,maxDurability,5,,
sven,Sven's Helm,SouthsilArmor,,4,,"DragonTear x5, Silver x40, Bronze x30",10,,Power,1,maxDurability,,,
sven2,Dragon Champion Greathelm (eyepatch),SouthsilArmor,,1,,"sven x1, FlametalNew x30, TrophyHatchling x5, TrophySerpent x1",10,,Power,1,maxDurability,,,
sven2chest,Ornate Black Platemail,SouthsilArmor,,1,,"svenchest x1, FlametalNew x30, WolfPelt x20",,,Power,10,maxDurability,,,
sven2legs,Ancestral Kilt,SouthsilArmor,,1,,"svenlegs x1, FlametalNew x30, WolfPelt x20, SerpentScale x15",,,Power,15,maxDurability,,,
sven3,Dragon Champion Greathelm,SouthsilArmor,,1,,"sven x1, FlametalNew x30, TrophyHatchling x5, TrophySerpent x1",10,,Power,1,maxDurability,,,
svenchest,Ornate Silver Armor,SouthsilArmor,,4,,"LoxPelt x10, Silver x40, Bronze x30",,,Power,10,maxDurability,,,
svenlegs,Kilted Silver Armor,SouthsilArmor,,4,,"LinenThread x40, Silver x40, Bronze x30",,,Power,15,maxDurability,,,
swampchest,Draugr Wraps,SouthsilArmor,,3,,"Iron x25, LeatherScraps x20, TrophyDraugrElite x1",,,Power,10,maxDurability,,,
swamphelm,Abomination Helm,SouthsilArmor,,3,,"Iron x20, WitheredBone x10, TrophyBonemass x1",,,Power,1,maxDurability,,,
swamplegs,Draugr Skullbelt,SouthsilArmor,,3,,"Iron x20, WitheredBone x10, TrophySkeleton x4",,,Power,10,maxDurability,,,
SwordBlackmetal,Black Metal Sword,Valheim,,4,,"FineWood x2, BlackMetal x20, LinenThread x5",95,,Power,0.8,maxDurability,4,,
SwordBone_TW,Bone Sword,Warfare,,1,,"BoneFragments x10, RoundLog x8, Tin x8",35,,Power,0.8,maxDurability,,,
SwordBronze,Bronze Sword,Valheim,,1,,"Wood x2, Bronze x8, LeatherScraps x2",35,,Power,0.8,maxDurability,1,,
SwordChitin_TW,Abyssal Sword,Warfare,,1,,"Chitin x20, Bronze x12, ElderBark x8",45,,Power,0.8,maxDurability,,,
SwordFlint_TW,Flint Sword,Warfare,,2,,"Flint x8, Wood x6, GreydwarfEye x1, FoxPelt_TW x1",15,,Power,0.8,maxDurability,,,
SwordIron,Iron Sword,Valheim,,2,,"Wood x2, Iron x20, LeatherScraps x3",55,,Power,0.8,maxDurability,2,,
SwordMistwalker,Mistwalker,Valheim,,1,,"FineWood x3, Iron x15, Eitr x10, Wisp x3",115,,Power,0.8,maxDurability,5,,
SwordNiedhogg,Nidhögg,Valheim,,3,,"CharredBone x3, FlametalNew x12, AskHide x2",135,,Power,0.8,maxDurability,6,,
SwordNjord_TW,Njord Sword,WarfareFireAndIce,,1,,"TyraniumBar_TW x20, RuneRage_TW x14, ArcticWolfPelt_TW x6, TrophyArcticBear_TW x1",160,,Power,0.8,maxDurability,,,
swordochili,Flaming Heart Greatsword,Hodr,,2,,FlametalNew x40,180,,Power,4,maxDurability,5,,
swordodweller,Twin Blades of the Moon,said to be imbued with the essence of night. Crafted by an unknown master,,2,,FlametalNew x40,210,,Power,4,maxDurability,5,,
SwordScimitar_TW,Blackmetal Scimitar,Warfare,,4,,"FineWood x15, BlackMetal x25, LinenThread x10, TrophyProwler_TW x1",96,,Power,0.8,maxDurability,,,
SwordSilver,Silver Sword,Valheim,,3,,"Wood x2, Silver x40, LeatherScraps x3, Iron x5",105,,Power,1,maxDurability,3,,
SwordSurtr_TW,Surtr Sword,WarfareFireAndIce,,1,,"RagnoriteBar_TW x20, RuneDestruction_TW x14, Helcloth_TW x6, TrophySurtrHound_TW x1",160,,Power,0.8,maxDurability,,,
SythrakKey_TW,Destroyer's Idol,WarfareFireAndIce,,1,,"RagnoriteBar_TW x12, RuneDestruction_TW x20, DrakeScale_TW x3, SurtrIdol_TW x2",,,Power,0.5,maxDurability,,,
Tankard,Tankard,Valheim,,1,,"FineWood x5, Resin x2",,,Power,1,maxDurability,,,
TankardAnniversary,Horn of Celebration,Valheim,,1,,"Bronze x2, TrollHide x2, Iron x2",,,Power,1,maxDurability,,,
TankardOdin,Mead Horn of Odin,Valheim,,1,,"FineWood x4, TrophyDeer x1, Resin x2",,,Power,1,maxDurability,,,
TGCapeFlameFeather,Fiery Feather Cape,BiomeLords,,1,,"TGCatalyst x1, CapeFeather x1, TGFlameBilebag x1",,,Power,4,maxDurability,5,,
TGCatalyst,Catalyst,BiomeLords,,1,,"TGQueenNeedle x1, TGWhisper_Chain x1, TGGreydwarfElder_Resin x1, TGTrollWarrior_HairBundle x1",,,Power,1,maxDurability,,,
TGSaddleWolf,Lightning Wolf Saddle,BiomeLords,,3,,"LeatherScraps x5, DeerHide x2, Silver x1",,,Power,10,maxDurability,,,
TGStaff_LightningWolf,Lightning Wolf Summoner,BiomeLords,,1,,"TrophyWolf x1, TGCatalyst x1, TGLightningWolf_Fang x1",,,Power,0.3,maxDurability,5,,
TGWispBelt,Demister Megingjord,BiomeLords,,1,,"TGCatalyst x1, BeltStrength x1, Demister x1",,,Power,2,maxDurability,,,
ThoradusBar_TW,Thoradus,WarfareFireAndIce,,1,,"TyraniumBar_TW x5, RagnoriteBar_TW x5",,,Power,14,maxDurability,,,
ThrowAxeBlackmetal_TW,Blackmetal Throwing Axe,Warfare,,4,,"FineWood x10, LinenThread x1, BlackMetal x3",50,,Power,0.1,maxDurability,4,,
ThrowAxeBronze_TW,Bronze Throwing Axe,Warfare,,1,,"RoundLog x8, Bronze x2",20,,Power,0.1,maxDurability,1,,
ThrowAxeDvergr_TW,Dwarven Throwing Axe,Warfare,,1,,"YggdrasilWood x10, Carapace x4, Eitr x2",74,,Power,0.1,maxDurability,5,,
ThrowAxeFlint_TW,Flint Throwing Axe,Warfare,,2,,"Wood x8, Flint x2",10,,Power,0.1,maxDurability,,,
ThrowAxeIron_TW,Iron Throwing Axe,Warfare,,2,,"ElderBark x8, Iron x3",30,,Power,0.1,maxDurability,2,,
ThrowAxeNjord_TW,Njord Throwing Axe,WarfareFireAndIce,,1,,"BorealWood_TW x10, TyraniumBar_TW x7, RuneRage_TW x2",93,,Power,0.1,maxDurability,6,,
ThrowAxeSilver_TW,Silver Throwing Axe,Warfare,,3,,"FineWood x8, Silver x3",44,,Power,0.1,maxDurability,3,,
ThrowAxeSurtr_TW,Surtr Throwing Axe,WarfareFireAndIce,,1,,"BorealWood_TW x10, RagnoriteBar_TW x7, RuneDestruction_TW x2",93,,Power,0.1,maxDurability,6,,
Torch,Torch,Valheim,,1,,"Wood x1, Resin x1",19,,Power,1,maxDurability,,,
TorchMist,[item_torchmist],Valheim,,1,,"Crystal x1, Resin x1",19,,Power,1,maxDurability,,,
TreasuresBackpack,Treasures Backpack,Valheim,,1,,"Bronze x5, DeerHide x10, LeatherScraps x10, Iron x0, ElderBark x0, Guck x0",,,Power,4,maxDurability,,,
TridentBlackmetal_TW,Blackmetal Trident,Warfare,,4,,"FineWood x25, BlackMetal x25, Chitin x30, TrophyLox x1",106,,Power,2.5,maxDurability,,,
TrollBackpack,Troll Backpack,Valheim,,1,,"HelmetTrollLeather x1, ArmorTrollLeatherChest x1, ArmorTrollLeatherLegs x1, CapeTrollHide x1, TrollHide x0, BoneFragments x0, Iron x0, TrollHide x0, BoneFragments x0, Silver x0, TrollHide x0, BoneFragments x0, BlackMetal x0, TrollHide x0, BoneFragments x0, Carapace x0",,,Power,4,maxDurability,,,
trollchest,Trollfighter Armor,SouthsilArmor,,2,,"Bronze x8, BoneFragments x5, TrophyFrostTroll x1",,,Power,10,maxDurability,,,
trollhelm,Majestic Helm,SouthsilArmor,,2,,"Bronze x10, Copper x8, BoneFragments x8, TrophyFrostTroll x8",10,,Power,3,maxDurability,,,
trolllegs,Trollfighter Legs,SouthsilArmor,,2,,"Bronze x8, BoneFragments x5, TrophyFrostTroll x1",,,Power,10,maxDurability,,,
TrophyBackpack,Trophy Backpack,Valheim,,2,,"DeerHide x10, LeatherScraps x5",,,Power,4,maxDurability,,,
trueskogchest,Deep North Chest,SouthsilArmor,,1,,"skogchest x1, FlametalNew x20, Eitr x20, TrophySGolem x2",,,Power,10,maxDurability,,,
trueskoghelm,Deep North Helm,SouthsilArmor,,1,,"skoghelm x1, FlametalNew x20, Eitr x20, TrophySGolem x1",,,Power,1,maxDurability,,,
trueskoglegs,Deep North Legguards,SouthsilArmor,,1,,"skoglegs x1, FlametalNew x20, Eitr x20, TrophyGoblinBrute x1",,,Power,10,maxDurability,,,
TurnipStew,Turnip Stew,Valheim,,2,,"RawMeat x1, Turnip x3",,,Power,1,maxDurability,,,
TurretBolt,Black Metal Missile,Valheim,,1,,"Wood x10, BlackMetal x1",120,,Power,0.5,maxDurability,,,
TurretBoltFlametal,Flametal Missile,Valheim,,1,,"Blackwood x10, FlametalNew x1",140,,Power,0.5,maxDurability,,,
TurretBoltWood,Wooden Missile,Valheim,,1,,"RoundLog x5, Feathers x2",75,,Power,0.5,maxDurability,,,
TyraniumBar_TW,Tyranium,WarfareFireAndIce,,1,,"LokvyrBar_TW x1, JotunnheimCrystal_TW x1",,,Power,12,maxDurability,,,
TyraniumDevastator_JH,Tyranium Eruptor,WackysDatabase,,1,,"TyraniumBar_TW x28, RuneRage_TW x16, JotunnTooth_TW x10, TrophyArcticWolf_TW x1",31,,Power,1.5,maxDurability,1,,
UncookedBerryCakePlains_TW,Uncooked Berry Cake,Wizardry,,1,,"Cloudberry x8, MushroomDevilstongue_TW x4, Honey x8, BarleyFlour x4",,,Power,0.3,maxDurability,,,
UncookedFeastofthegods,Godly Feast Prep,absolutely worth the wait!!!!,,1,,"LoxPieUncooked x1, FishAndBreadUncooked x1, MeatPlatterUncooked x1, MisthareSupremeUncooked x1, MagicallyStuffedShroomUncooked x1, BreadDough x1, HoneyGlazedChickenUncooked x1, RoastedCrustPie x1",,,Power,1,maxDurability,,,
valkchest,Aesir Chestplate,SouthsilArmor,,1,,"BlackMetal x30, DvergrKeyFragment x5, Eitr x30, TrophyGoblinKing x1",,,Power,10,maxDurability,,,
valkhelm,Aesir Helm,SouthsilArmor,,1,,"BlackMetal x30, DvergrKeyFragment x5, Eitr x30, TrophySeekerQueen x1",10,,Power,3,maxDurability,,,
valklegs,Aesir Legplates,SouthsilArmor,,1,,"BlackMetal x30, DvergrKeyFragment x5, Eitr x30, ScaleHide x20",,,Power,10,maxDurability,,,
VegetableSoup_JH,Vegetable Soup,WackysDatabase,,2,,"Carrot x2, Turnip x2, Entrails x1",,,Power,1,maxDurability,,,
VolcanicBlade_TW,Volcanic Blade,WarfareFireAndIce,,1,,"RagnoriteBar_TW x30, RuneDestruction_TW x16, SurtrIdol_TW x6, TrophySurtrBrute_TW x1",205,,Power,4,maxDurability,,,
warlordchest,Warlord's Spaulder,SouthsilArmor,,1,,"FlametalNew x15, BlackMarble x15, Softtissue x15, Chain x15",,,Power,10,maxDurability,,,
warlordhelm,Warlord's Greathelm,SouthsilArmor,,1,,"FlametalNew x15, BlackMarble x15, Softtissue x15, TrophyGreydwarfBrute x1",,,Power,1,maxDurability,,,
warlordlegs,Warlord's Battleboots,SouthsilArmor,,1,,"FlametalNew x15, BlackMarble x15, Softtissue x15, LoxPelt x15",,,Power,10,maxDurability,,,
WarpikeBlackmetal_TW,Blackmetal War Pike,Warfare,,4,,"FineWood x25, BlackMetal x25, ProwlerFang_TW x10, TrophyGoblinBrute x1",98,,Power,1.5,maxDurability,,,
WarpikeBone_TW,Bone War Pike,Warfare,,1,,"BoneFragments x15, Copper x10, TrophySkeleton x1",38,,Power,1.5,maxDurability,,,
WarpikeChitin_TW,Abyssal War Pike,Warfare,,2,,"ElderBark x14, Chitin x20, Bronze x8",48,,Power,1.5,maxDurability,,,
WarpikeDvergr_TW,Dwarven War Pike,Warfare,,1,,"YggdrasilWood x30, Eitr x12, VenomousFang_TW x10, TrophyTick x1",118,,Power,1.5,maxDurability,,,
WarpikeElder_TW,Heartrender,Warfare,,2,,"ElderBark x30, Bronze x25, AncientSeed x8, TrophyTheElder x1",62,,Power,1.5,maxDurability,,,
WarpikeFlametal_TW,Flametal War Pike,Warfare,,1,,"Blackwood x20, FlametalNew x18, CharredBone x10, TrophyCharredMelee x1",138,,Power,1.5,maxDurability,,,
WarpikeNjord_TW,Njord War Pike,WarfareFireAndIce,,1,,"TyraniumBar_TW x22, RuneRage_TW x14, BorealPineWood_TW x22, TrophyJotunnBrute_TW x1",163,,Power,1.5,maxDurability,,,
WarpikeObsidian_TW,Obsidian War Pike,Warfare,,3,,"ElderBark x25, Obsidian x20, Silver x12, TrophySGolem x1",78,,Power,1.5,maxDurability,,,
WarpikeSurtr_TW,Surtr War Pike,WarfareFireAndIce,,1,,"RagnoriteBar_TW x22, RuneDestruction_TW x14, BorealPineWood_TW x22, TrophySurtrWarbringer_TW x1",163,,Power,1.5,maxDurability,,,
WindBelt,Wind Belt,OdinShipPlus,Carpenters Table,1,,"Ruby x1, AmberPearl x4, DeerHide x5, Blueberries x2",,,Power,2,maxDurability,,,
WindPotion_JH,Tail Wind Potion,WackysDatabase,,1,,"MeadTasty x1, SurtlingCore x1, Thistle x5, InfusedCrystal_JH x5",,,Power,1,maxDurability,,,
WindRun_JH,Wind Run Potion,WackysDatabase,,1,,"MeadTasty x1, SurtlingCore x1, Feathers x5, InfusedCrystal_JH x5",,,Power,1,maxDurability,,,
WishboneBackpack,Wishbone Backpack,Valheim,,1,,"Bronze x5, DeerHide x10, LeatherScraps x10, Wishbone x1, Iron x0, ElderBark x0, Guck x0, Silver x0, WolfPelt x0, JuteRed x0, BlackMetal x0, LinenThread x0, LoxPelt x0, JuteBlue x0, ScaleHide x0, Carapace x0",,,Power,4,maxDurability,,,
WispPotion_JH,Wisp Potion,WackysDatabase,,1,,"Wisp x3, MeadTasty x3",,,Power,1,maxDurability,,,
WizardBackpack,Wizard Backpack,Valheim,,1,,"FabricBundle_Plains_TW x2, BlackMetal x2",,,Power,4,maxDurability,,,
WolfJerky,Wolf Jerky,Valheim,,3,,"WolfMeat x1, Honey x1",,,Power,0.5,maxDurability,,,
WoodPolearmHTD,Sharp Wood Stake,Hugos Armory,,1,,Wood x6,12,,Power,1.5,maxDurability,,,
WoodSwordHTD,Wood Sword (Stick),Hugos Armory,,1,,Wood x4,12,,Power,0.8,maxDurability,,,
WoolYarn_Black_TW,Black Yarn,Wizardry,,1,,"WoolScraps_TW x4, Tar x2",,,Power,0.3,maxDurability,,,
WoolYarn_Blue_TW,Blue Yarn,Wizardry,,1,,"WoolScraps_TW x4, FreezeGland x2",,,Power,0.3,maxDurability,,,
WoolYarn_Brown_TW,Brown Yarn,Wizardry,,1,,WoolScraps_TW x4,,,Power,0.3,maxDurability,,,
WoolYarn_Green_TW,Green Yarn,Wizardry,,1,,"WoolScraps_TW x4, Ooze x2",,,Power,0.3,maxDurability,,,
WoolYarn_Red_TW,Red Yarn,Wizardry,,1,,"WoolScraps_TW x4, Bloodbag x2",,,Power,0.3,maxDurability,,,
WoolYarn_Teal_TW,Teal Yarn,Wizardry,,1,,"WoolScraps_TW x4, Eitr x2",,,Power,0.3,maxDurability,,,
WoolYarn_White_TW,White Yarn,Wizardry,,1,,"WoolScraps_TW x4, Crystal x1",,,Power,0.3,maxDurability,,,
WoolYarn_Yellow_TW,Yellow Yarn,Wizardry,,1,,"WoolScraps_TW x4, Dandelion x4",,,Power,0.3,maxDurability,,,
wschest,World Serpent Cuirass,SouthsilArmor,,1,,"lagichest x1, valkchest x1, svenchest x1, Eitr x20, FlametalNew x0",,,Power,10,maxDurability,,,
wshelm,World Serpent Casque,SouthsilArmor,,1,,"lagihelmalt x1, valkhelm x1, sven x1, Eitr x20, FlametalNew x0",,,Power,1,maxDurability,,,
wslegs,World Serpent Greaves,SouthsilArmor,,1,,"lagipants x1, valklegs x1, svenlegs x1, Eitr x20, FlametalNew x0",,,Power,10,maxDurability,,,
YggdrasilPorridge,Yggdrasil Porridge,Valheim,,5,,"Sap x4, Barley x3, RoyalJelly x2",,,Power,1,maxDurability,,,
